State,District,Name,TRU,Level,No_HH,TOT_P,TOT_M,TOT_F,P_06,M_06,F_06,P_SC,M_SC,F_SC,P_ST,M_ST,F_ST,P_LIT,M_LIT,F_LIT,TOT_WORK_P,TOT_WORK_M,TOT_WORK_F,MAINWORK_P,MAINWORK_M,MAINWORK_F,MARGWORK_P,MARGWORK_M,MARGWORK_F,NON_WORK_P,NON_WORK_M,NON_WORK_F
01,001,Kupwara,Total,DISTRICT,113929,870354,474190,396164,188798,100459,88339,1048,1046,2,70352,36913,33439,439654,282823,156831,229064,190899,38165,123837,111713,12124,105227,79186,26041,641290,283291,357999
01,002,Badgam,Total,DISTRICT,103363,753745,398041,355704,155202,84720,70482,368,343,25,23912,12383,11529,335649,207741,127908,214866,162578,52288,132003,116865,15138,82863,45713,37150,538879,235463,303416
01,003,Leh(Ladakh),Total,DISTRICT,21909,133487,78971,54516,12016,6174,5842,488,444,44,95857,47543,48314,93770,62834,30936,75079,53265,21814,57125,44742,12383,17954,8523,9431,58408,25706,32702
01,004,Kargil,Total,DISTRICT,18338,140802,77785,63017,19928,10078,9850,18,12,6,122336,62652,59684,86236,56301,29935,51873,39839,12034,28941,25174,3767,22932,14665,8267,88929,37946,50983
01,005,Punch,Total,DISTRICT,90261,476835,251899,224936,84674,44733,39941,556,406,150,176101,90274,85827,261724,163333,98391,161393,117677,43716,73247,63147,10100,88146,54530,33616,315442,134222,181220
01,006,Rajouri,Total,DISTRICT,130401,642415,345351,297064,108271,58051,50220,48157,25170,22987,232815,121374,111441,364109,224469,139640,290912,184752,106160,130377,110114,20263,160535,74638,85897,351503,160599,190904
01,007,Kathua,Total,DISTRICT,119583,616435,326109,290326,83936,45833,38103,141224,74644,66580,53307,27693,25614,389204,228499,160705,200431,161548,38883,142847,123404,19443,57584,38144,19440,416004,164561,251443
01,008,Baramula,Total,DISTRICT,152635,1008039,534733,473306,164581,88321,76260,1476,1451,25,37705,20237,17468,545149,337170,207979,304200,249581,54619,187959,169496,18463,116241,80085,36156,703839,285152,418687
01,009,Bandipore,Total,DISTRICT,58392,392232,207680,184552,61754,32641,29113,392,375,17,75374,39398,35976,185979,117058,68921,149317,101380,47937,75173,64904,10269,74144,36476,37668,242915,106300,136615
01,010,Srinagar,Total,DISTRICT,191678,1236829,651124,585705,158300,84897,73403,1068,995,73,8935,5021,3914,748584,431746,316838,407188,333151,74037,330547,289800,40747,76641,43351,33290,829641,317973,511668
01,011,Ganderbal,Total,DISTRICT,45361,297446,158720,138726,50594,27159,23435,117,105,12,61070,32554,28516,143276,90581,52695,100890,73305,27585,52949,46779,6170,47941,26526,21415,196556,85415,111141
01,012,Pulwama,Total,DISTRICT,86241,560440,293064,267376,97374,53234,44140,402,397,5,22607,11837,10770,293958,178326,115632,188420,138428,49992,98306,89170,9136,90114,49258,40856,372020,154636,217384
01,013,Shupiyan,Total,DISTRICT,44411,266215,136480,129735,41547,22121,19426,43,43,0,21820,11311,10509,136500,80355,56145,87721,63931,23790,54703,48945,5758,33018,14986,18032,178494,72549,105945
01,014,Anantnag,Total,DISTRICT,153640,1078692,559767,518925,208538,113278,95260,1826,1811,15,116006,60990,55016,545532,324417,221115,389684,244032,145652,176800,158226,18574,212884,85806,127078,689008,315735,373273
01,015,Kulgam,Total,DISTRICT,73728,424483,217620,206863,71501,37929,33572,21,11,10,26525,13888,12637,209085,125052,84033,159990,102317,57673,77812,70202,7610,82178,32115,50063,264493,115303,149190
01,016,Doda,Total,DISTRICT,79636,409936,213641,196295,71240,36862,34378,53408,27209,26199,39216,20377,18839,219083,138620,80463,151912,101144,50768,79377,68349,11028,72535,32795,39740,258024,112497,145527
01,017,Ramban,Total,DISTRICT,55490,283713,149132,134581,55092,28625,26467,13920,7168,6752,39772,20940,18832,124065,82938,41127,87212,68476,18736,52051,46507,5544,35161,21969,13192,196501,80656,115845
01,018,Kishtwar,Total,DISTRICT,45209,230696,120165,110531,39396,20479,18917,14307,7322,6985,38149,19889,18260,107506,68700,38806,82974,56779,26195,44718,36110,8608,38256,20669,17587,147722,63386,84336
01,019,Udhampur,Total,DISTRICT,99240,554985,296784,258201,84332,44703,39629,138569,72093,66476,56309,29142,27167,322354,197543,124811,243672,163845,79827,152442,127825,24617,91230,36020,55210,311313,132939,178374
01,020,Reasi,Total,DISTRICT,56689,314667,166461,148206,55799,29079,26720,37757,19657,18100,88365,46330,42035,150542,93937,56605,144767,88755,56012,88462,74819,13643,56305,13936,42369,169900,77706,92194
01,021,Jammu,Total,DISTRICT,314199,1529958,813821,716137,167363,93242,74121,377991,197610,180381,69193,36323,32870,1137135,641916,495219,508622,417456,91166,410344,351974,58370,98278,65482,32796,1021336,396365,624971
01,022,Samba,Total,DISTRICT,65385,318898,169124,149774,38669,21737,16932,91835,47920,43915,17573,9188,8385,228139,130312,97827,92526,81952,10574,74129,67523,6606,18397,14429,3968,226372,87172,139200
02,023,Chamba,Total,DISTRICT,102460,519080,261320,257760,70359,36024,34335,111690,56154,55536,135500,67900,67600,323842,186064,137778,294035,158791,135244,119632,87311,32321,174403,71480,102923,225045,102529,122516
02,024,Kangra,Total,DISTRICT,338887,1510075,750591,759484,164607,87741,76866,319385,159697,159688,84564,41745,42819,1152640,606443,546197,675170,403756,271414,313915,245711,68204,361255,158045,203210,834905,346835,488070
02,025,Lahul & Spiti,Total,DISTRICT,6674,31564,16588,14976,3125,1537,1588,2235,1154,1081,25707,12748,12959,21845,12897,8948,19295,10763,8532,15190,8732,6458,4105,2031,2074,12269,5825,6444
02,026,Kullu,Total,DISTRICT,94807,437903,225452,212451,50431,25707,24724,122659,62686,59973,16822,8493,8329,307672,174550,133122,269084,148829,120255,193876,119053,74823,75208,29776,45432,168819,76623,92196
02,027,Mandi,Total,DISTRICT,219145,999777,498065,501712,112074,58486,53588,293739,147250,146489,12787,6345,6442,723747,393669,330078,572671,297464,275207,284154,185609,98545,288517,111855,176662,427106,200601,226505
02,028,Hamirpur,Total,DISTRICT,105519,454768,217070,237698,48548,25722,22826,109256,53727,55529,3044,1531,1513,358091,180555,177536,241931,118724,123207,126153,75390,50763,115778,43334,72444,212837,98346,114491
02,029,Una,Total,DISTRICT,110332,521173,263692,257481,59231,31591,27640,115491,58601,56890,8601,4445,4156,399715,213281,186434,215346,141612,73734,134482,105932,28550,80864,35680,45184,305827,122080,183747
02,030,Bilaspur,Total,DISTRICT,80485,381956,192764,189192,41956,22084,19872,98989,50271,48718,10693,5485,5208,287620,155599,132021,205871,111543,94328,103406,73400,30006,102465,38143,64322,176085,81221,94864
02,031,Solan,Total,DISTRICT,122425,580320,308754,271566,68137,35884,32253,164536,85482,79054,25645,13351,12294,428578,244372,184206,298737,190001,108736,219235,158008,61227,79502,31993,47509,281583,118753,162830
02,032,Sirmaur,Total,DISTRICT,98208,529855,276289,253566,69620,36107,33513,160745,83017,77728,11262,5912,5350,362645,205617,157028,280083,169399,110684,193906,134952,58954,86177,34447,51730,249772,106890,142882
02,033,Shimla,Total,DISTRICT,184362,814010,425039,388971,81564,42376,39188,215777,110828,104949,8755,4554,4201,612642,342846,269796,430926,258628,172298,311770,214980,96790,119156,43648,75508,383084,166411,216673
02,034,Kinnaur,Total,DISTRICT,19976,84121,46249,37872,8246,4200,4046,14750,7433,7317,48746,23609,25137,60699,36697,24002,56273,33863,22410,46782,29911,16871,9491,3952,5539,27848,12386,15462
03,035,Gurdaspur,Total,DISTRICT,443666,2298323,1212617,1085706,253579,139261,114318,580576,304894,275682,0,0,0,1634719,907660,727059,757138,637652,119486,625778,548676,77102,131360,88976,42384,1541185,574965,966220
03,036,Kapurthala ,Total,DISTRICT,167989,815168,426311,388857,86025,45973,40052,276707,143901,132806,0,0,0,576567,316254,260313,284165,235562,48603,248208,213028,35180,35957,22534,13423,531003,190749,340254
03,037,Jalandhar,Total,DISTRICT,461635,2193590,1145211,1048379,226302,120740,105562,854444,442124,412320,0,0,0,1622537,882581,739956,774472,639484,134988,689592,586721,102871,84880,52763,32117,1419118,505727,913391
03,038,Hoshiarpur,Total,DISTRICT,336994,1586625,809057,777568,168331,90280,78051,557504,284322,273182,0,0,0,1199699,637927,561772,499822,412506,87316,411011,352281,58730,88811,60225,28586,1086803,396551,690252
03,039,Shahid Bhagat Singh Nagar ,Total,DISTRICT,129500,612310,313291,299019,62719,33278,29441,260284,133035,127249,0,0,0,438459,239155,199304,204329,170252,34077,173507,150279,23228,30822,19973,10849,407981,143039,264942
03,040,Fatehgarh Sahib,Total,DISTRICT,118100,600163,320795,279368,63271,34340,28931,192493,101882,90611,0,0,0,426033,238696,187337,214783,182777,32006,192845,168110,24735,21938,14667,7271,385380,138018,247362
03,041,Ludhiana,Total,DISTRICT,716826,3498739,1867816,1630923,384114,206502,177612,923358,487839,435519,0,0,0,2560225,1428348,1131877,1284822,1053600,231222,1138654,969954,168700,146168,83646,62522,2213917,814216,1399701
03,042,Moga,Total,DISTRICT,193256,995746,525920,469826,107336,57694,49642,363417,192418,170999,0,0,0,627889,348549,279340,359172,292379,66793,304880,259626,45254,54292,32753,21539,636574,233541,403033
03,043,Firozpur,Total,DISTRICT,385994,2029074,1071637,957437,248103,134319,113784,855726,445461,410265,0,0,0,1227511,707070,520441,756695,596406,160289,618362,541494,76868,138333,54912,83421,1272379,475231,797148
03,044,Muktsar,Total,DISTRICT,174360,901896,475622,426274,104419,57020,47399,381554,200473,181081,0,0,0,524848,300401,224447,335326,272699,62627,287205,253207,33998,48121,19492,28629,566570,202923,363647
03,045,Faridkot,Total,DISTRICT,120893,617508,326671,290837,69311,37454,31857,240328,126567,113761,0,0,0,381285,215767,165518,221555,185049,36506,190415,168224,22191,31140,16825,14315,395953,141622,254331
03,046,Bathinda,Total,DISTRICT,273902,1388525,743197,645328,151145,81533,69612,450473,236936,213537,0,0,0,844868,488261,356607,549986,432988,116998,452678,390057,62621,97308,42931,54377,838539,310209,528330
03,047,Mansa,Total,DISTRICT,149630,769751,408732,361019,84763,46177,38586,258878,136311,122567,0,0,0,423560,244037,179523,328512,230739,97773,247175,207008,40167,81337,23731,57606,441239,177993,263246
03,048,Patiala,Total,DISTRICT,372293,1895686,1002522,893164,212892,115917,96975,465359,244503,220856,0,0,0,1266791,711052,555739,660267,549661,110606,570391,492466,77925,89876,57195,32681,1235419,452861,782558
03,049,Amritsar ,Total,DISTRICT,488898,2490656,1318408,1172248,281795,154351,127444,770864,405977,364887,0,0,0,1684770,932981,751789,917856,735195,182661,787254,662368,124886,130602,72827,57775,1572800,583213,989587
03,050,Tarn Taran,Total,DISTRICT,203421,1119627,589369,530258,137223,75382,61841,377468,198715,178753,0,0,0,666162,376427,289735,380702,313639,67063,316310,272951,43359,64392,40688,23704,738925,275730,463195
03,051,Rupnagar,Total,DISTRICT,135635,684627,357485,327142,72926,39152,33774,180905,94334,86571,0,0,0,502731,278534,224197,233676,186910,46766,194209,161858,32351,39467,25052,14415,450951,170575,280376
03,052,Sahibzada Ajit Singh Nagar,Total,DISTRICT,205411,994628,529253,465375,115644,62808,52836,216231,114383,101848,0,0,0,736575,409944,326631,355995,283367,72628,316236,258369,57867,39759,24998,14761,638633,245886,392747
03,053,Sangrur,Total,DISTRICT,318870,1655169,878029,777140,181334,98547,82787,461609,244231,217378,0,0,0,1002077,570413,431664,568758,485129,83629,499792,443632,56160,68966,41497,27469,1086411,392900,693511
03,054,Barnala,Total,DISTRICT,115798,595527,317522,278005,64987,35266,29721,192001,101569,90432,0,0,0,359831,201999,157832,209331,178163,31168,186434,164322,22112,22897,13841,9056,386196,139359,246837
04,055,Chandigarh,Total,DISTRICT,241173,1055450,580663,474787,119434,63536,55898,199086,106356,92730,0,0,0,805438,465346,340092,404136,328159,75977,385929,317190,68739,18207,10969,7238,651314,252504,398810
05,056,Uttarkashi,Total,DISTRICT,67602,330086,168597,161489,46307,24165,22142,80567,40833,39734,3512,1651,1861,215126,128237,86889,157276,84265,73011,128367,71598,56769,28909,12667,16242,172810,84332,88478
05,057,Chamoli,Total,DISTRICT,88964,391605,193991,197614,52161,27609,24552,79317,39718,39599,12260,6021,6239,280556,155395,125161,180940,93832,87108,115115,65566,49549,65825,28266,37559,210665,100159,110506
05,058,Rudraprayag,Total,DISTRICT,53542,242285,114589,127696,32046,16823,15223,47679,23585,24094,386,217,169,170933,91803,79130,113032,52339,60693,78950,37681,41269,34082,14658,19424,129253,62250,67003
05,059,Tehri Garhwal,Total,DISTRICT,132714,618931,297986,320945,84657,44634,40023,102130,50371,51759,875,459,416,407994,227406,180588,280442,140821,139621,165912,98619,67293,114530,42202,72328,338489,157165,181324
05,060,Dehradun,Total,DISTRICT,347001,1696694,892199,804495,201652,106746,94906,228901,120430,108471,111663,58264,53399,1259506,702216,557290,582768,458834,123934,488161,399695,88466,94607,59139,35468,1113926,433365,680561
05,061,Garhwal,Total,DISTRICT,161778,687271,326829,360442,83901,44055,39846,122361,59842,62519,2215,1174,1041,494889,262148,232741,274152,147373,126779,164439,102045,62394,109713,45328,64385,413119,179456,233663
05,062,Pithoragarh,Total,DISTRICT,114730,483439,239306,244133,63293,34853,28440,120378,60111,60267,19535,9558,9977,345550,189623,155927,216490,113539,102951,145481,80385,65096,71009,33154,37855,266949,125767,141182
05,063,Bageshwar,Total,DISTRICT,58046,259898,124326,135572,35560,18679,16881,72061,35623,36438,1982,971,1011,179483,97546,81937,123638,58708,64930,78085,38834,39251,45553,19874,25679,136260,65618,70642
05,064,Almora,Total,DISTRICT,140577,622506,291081,331425,80082,41672,38410,150995,72695,78300,1281,633,648,436497,231604,204893,298211,142460,155751,201078,102221,98857,97133,40239,56894,324295,148621,175674
05,065,Champawat,Total,DISTRICT,53953,259648,131125,128523,37028,19766,17262,47383,24188,23195,1339,777,562,177726,102015,75711,99566,60427,39139,62698,43252,19446,36868,17175,19693,160082,70698,89384
05,066,Nainital,Total,DISTRICT,191383,954605,493666,460939,124272,65337,58935,191206,98824,92382,7495,3801,3694,696500,385779,310721,376181,256935,119246,296424,217381,79043,79757,39554,40203,578424,236731,341693
05,067,Udham Singh Nagar,Total,DISTRICT,308581,1648902,858783,790119,229162,120687,108475,238264,124385,113879,123037,61758,61279,1037839,598525,439314,591458,444578,146880,450762,373061,77701,140696,71517,69179,1057444,414205,643239
05,068,Hardwar,Total,DISTRICT,338104,1890422,1005295,885127,285693,152173,133520,411274,217981,193293,6323,3385,2938,1178354,691411,486943,578121,497810,80311,495152,440422,54730,82969,57388,25581,1312301,507485,804816
06,069,Panchkula,Total,DISTRICT,117107,561293,299679,261614,66302,35583,30719,101830,53868,47962,0,0,0,405318,229862,175456,211479,164865,46614,182831,148695,34136,28648,16170,12478,349814,134814,215000
06,070,Ambala,Total,DISTRICT,224334,1128350,598703,529647,127689,70541,57148,296246,156874,139372,0,0,0,818025,461288,356737,372139,320120,52019,319475,282066,37409,52664,38054,14610,756211,278583,477628
06,071,Yamunanagar,Total,DISTRICT,235423,1214205,646718,567487,146789,80393,66396,306743,163200,143543,0,0,0,832457,474793,357664,389233,342343,46890,339024,307044,31980,50209,35299,14910,824972,304375,520597
06,072,Kurukshetra,Total,DISTRICT,188143,964655,510976,453679,116957,64320,52637,215128,113311,101817,0,0,0,646893,370828,276065,336780,268556,68224,285904,244619,41285,50876,23937,26939,627875,242420,385455
06,073,Kaithal,Total,DISTRICT,204274,1074304,571003,503301,139393,76258,63135,247513,131486,116027,0,0,0,646529,385782,260747,373899,292696,81203,290663,249905,40758,83236,42791,40445,700405,278307,422098
06,074,Karnal,Total,DISTRICT,292084,1505324,797712,707612,196610,107797,88813,339604,179681,159923,0,0,0,978013,564516,413497,516062,411646,104416,411533,351730,59803,104529,59916,44613,989262,386066,603196
06,075,Panipat,Total,DISTRICT,235640,1205437,646857,558580,169662,92380,77282,206213,109695,96518,0,0,0,786599,464136,322463,412318,328667,83651,339016,286740,52276,73302,41927,31375,793119,318190,474929
06,076,Sonipat,Total,DISTRICT,277726,1450001,781299,668702,188262,104693,83569,269935,144516,125419,0,0,0,998316,589881,408435,523179,391085,132094,396763,326530,70233,126416,64555,61861,926822,390214,536608
06,077,Jind,Total,DISTRICT,249736,1334152,713006,621146,168554,91710,76844,282351,150940,131411,0,0,0,832758,502049,330709,523422,368277,155145,385851,313160,72691,137571,55117,82454,810730,344729,466001
06,078,Fatehabad,Total,DISTRICT,180637,942011,495360,446651,121024,65279,55745,284357,149111,135246,0,0,0,557578,327471,230107,369083,263498,105585,286258,231189,55069,82825,32309,50516,572928,231862,341066
06,079,Sirsa,Total,DISTRICT,246571,1295189,682582,612607,157667,84684,72983,387381,202430,184951,0,0,0,782897,456968,325929,502003,369462,132541,399169,330680,68489,102834,38782,64052,793186,313120,480066
06,080,Hisar,Total,DISTRICT,335608,1743931,931562,812369,215167,116229,98938,408785,217338,191447,0,0,0,1114311,670200,444111,691621,488321,203300,531227,420510,110717,160394,67811,92583,1052310,443241,609069
06,081,Bhiwani,Total,DISTRICT,311380,1634445,866672,767773,212011,115756,96255,341162,181475,159687,0,0,0,1069871,643158,426713,623006,430678,192328,445675,357937,87738,177331,72741,104590,1011439,435994,575445
06,082,Rohtak,Total,DISTRICT,206988,1061204,568479,492725,129330,71041,58289,216889,115573,101316,0,0,0,747582,436025,311557,345967,272646,73321,288949,238995,49954,57018,33651,23367,715237,295833,419404
06,083,Jhajjar,Total,DISTRICT,185334,958405,514667,443738,120051,67380,52671,170448,90856,79592,0,0,0,676091,399480,276611,326534,250020,76514,246457,205882,40575,80077,44138,35939,631871,264647,367224
06,084,Mahendragarh,Total,DISTRICT,171712,922088,486665,435423,111181,62638,48543,156314,82420,73894,0,0,0,630255,380440,249815,338584,232935,105649,212402,176687,35715,126182,56248,69934,583504,253730,329774
06,085,Rewari,Total,DISTRICT,178043,900332,474335,425997,113893,63743,50150,182606,95571,87035,0,0,0,636947,375453,261494,337727,235326,102401,250219,200570,49649,87508,34756,52752,562605,239009,323596
06,086,Gurgaon,Total,DISTRICT,326428,1514432,816690,697742,202602,110705,91897,197937,104332,93605,0,0,0,1111116,638666,472450,544716,432456,112260,487441,400386,87055,57275,32070,25205,969716,384234,585482
06,087,Mewat ,Total,DISTRICT,160280,1089263,571162,518101,248128,130168,117960,75251,39743,35508,0,0,0,454897,308435,146462,289964,224642,65322,204178,175670,28508,85786,48972,36814,799299,346520,452779
06,088,Faridabad,Total,DISTRICT,358919,1809733,966110,843623,251955,136679,115276,223799,119495,104304,0,0,0,1272739,734940,537799,579229,476933,102296,495316,422503,72813,83913,54430,29483,1230504,489177,741327
06,089,Palwal ,Total,DISTRICT,171157,1042708,554497,488211,177494,95132,82362,203123,107741,95382,0,0,0,599796,379696,220100,309563,241464,68099,216932,189102,27830,92631,52362,40269,733145,313033,420112
07,090,North West,Total,DISTRICT,736253,3656539,1960922,1695617,449894,241169,208725,697237,371546,325691,0,0,0,2707855,1541952,1165903,1188545,1022419,166126,1135126,983392,151734,53419,39027,14392,2467994,938503,1529491
07,091,North,Total,DISTRICT,180044,887978,475002,412976,103304,55155,48149,165663,87007,78656,0,0,0,681517,381615,299902,296446,257575,38871,283583,248547,35036,12863,9028,3835,591532,217427,374105
07,092,North East,Total,DISTRICT,406125,2241624,1188425,1053199,301947,160583,141364,373758,197059,176699,0,0,0,1611588,912481,699107,661386,594353,67033,622443,566028,56415,38943,28325,10618,1580238,594072,986166
07,093,East,Total,DISTRICT,358937,1709346,907500,801846,194357,103902,90455,281422,148019,133403,0,0,0,1352998,748382,604616,579692,486951,92741,555026,469593,85433,24666,17358,7308,1129654,420549,709105
07,094,New Delhi,Total,DISTRICT,33208,142004,77942,64062,12760,6738,6022,33245,17885,15360,0,0,0,114179,65678,48501,59541,46940,12601,56471,44916,11555,3070,2024,1046,82463,31002,51461
07,095,Central,Total,DISTRICT,119639,582320,307821,274499,62739,32928,29811,143178,73782,69396,0,0,0,442360,240518,201842,207374,177621,29753,195978,169963,26015,11396,7658,3738,374946,130200,244746
07,096,West,Total,DISTRICT,533221,2543243,1356240,1187003,288421,154088,134333,376472,200098,176374,0,0,0,1961179,1093933,867246,874320,732598,141722,839621,708262,131359,34699,24336,10363,1668923,623642,1045281
07,097,South West,Total,DISTRICT,494439,2292958,1246046,1046912,267989,145285,122704,318408,170205,148203,0,0,0,1787689,1025261,762428,795352,667977,127375,749995,636474,113521,45357,31503,13854,1497606,578069,919537
07,098,South,Total,DISTRICT,574133,2731929,1467428,1264501,331043,175592,155451,422926,223199,199727,0,0,0,2078402,1185036,893366,924393,775592,148801,869086,735535,133551,55307,40057,15250,1807536,691836,1115700
08,099,Ganganagar ,Total,DISTRICT,387511,1969168,1043340,925828,255475,137768,117707,720412,376734,343678,13477,7160,6317,1193343,710908,482435,912672,596320,316352,680563,530627,149936,232109,65693,166416,1056496,447020,609476
08,100,Hanumangarh,Total,DISTRICT,336192,1774692,931184,843508,234226,124740,109486,494189,258352,235837,14289,7578,6711,1034136,624281,409855,835260,512802,322458,642109,461844,180265,193151,50958,142193,939432,418382,521050
08,101,Bikaner,Total,DISTRICT,384944,2363937,1240801,1123136,400554,209952,190602,493646,259532,234114,7779,4207,3572,1278801,782399,496402,986208,640572,345636,752768,557046,195722,233440,83526,149914,1377729,600229,777500
08,102,Churu,Total,DISTRICT,348984,2039547,1051446,988101,317813,167084,150729,451721,235113,216608,11245,5903,5342,1149269,696729,452540,902829,541404,361425,628381,446199,182182,274448,95205,179243,1136718,510042,626676
08,103,Jhunjhunun,Total,DISTRICT,384197,2137045,1095896,1041149,288470,157062,131408,360709,185879,174830,41629,21380,20249,1370360,815834,554526,894649,541392,353257,592813,444111,148702,301836,97281,204555,1242396,554504,687892
08,104,Alwar,Total,DISTRICT,639720,3674179,1939026,1735153,587959,315270,272689,653036,342938,310098,289249,153397,135852,2182476,1359829,822647,1708542,994171,714371,1179461,835940,343521,529081,158231,370850,1965637,944855,1020782
08,105,Bharatpur,Total,DISTRICT,425414,2548462,1355726,1192736,436165,233323,202842,557305,296293,261012,54090,28705,25385,1480869,943910,536959,1071154,647198,423956,694929,529877,165052,376225,117321,258904,1477308,708528,768780
08,106,Dhaulpur,Total,DISTRICT,203754,1206516,653647,552869,217613,117198,100415,245695,131875,113820,58594,31802,26792,683098,435721,247377,523212,339110,184102,317617,261679,55938,205595,77431,128164,683304,314537,368767
08,107,Karauli,Total,DISTRICT,262503,1458248,783639,674609,241357,130294,111063,354465,189249,165216,324960,176200,148760,805849,531904,273945,628726,371058,257668,438337,309089,129248,190389,61969,128420,829522,412581,416941
08,108,Sawai Madhopur,Total,DISTRICT,254716,1335551,704031,631520,201188,107557,93631,278789,146333,132456,285848,152745,133103,741748,486184,255564,578068,343802,234266,418555,288638,129917,159513,55164,104349,757483,360229,397254
08,109,Dausa,Total,DISTRICT,292502,1634409,857787,776622,258144,138400,119744,354337,185349,168988,433344,228554,204790,938051,596935,341116,684495,398151,286344,506214,337934,168280,178281,60217,118064,949914,459636,490278
08,110,Jaipur,Total,DISTRICT,1177096,6626178,3468507,3157671,929926,499619,430307,1003302,524831,478471,527966,276638,251328,4300965,2554793,1746172,2464893,1714947,749946,2060010,1564365,495645,404883,150582,254301,4161285,1753560,2407725
08,111,Sikar,Total,DISTRICT,444816,2677333,1374990,1302343,379874,205589,174285,418806,216523,202283,75349,39098,36251,1652117,995275,656842,1006504,657854,348650,698711,546178,152533,307793,111676,196117,1670829,717136,953693
08,112,Nagaur,Total,DISTRICT,578809,3307743,1696325,1611418,507176,267391,239785,699911,360451,339460,10418,5475,4943,1758624,1102750,655874,1425882,857031,568851,985927,696079,289848,439955,160952,279003,1881861,839294,1042567
08,113,Jodhpur,Total,DISTRICT,649013,3687165,1923928,1763237,606490,320731,285759,608024,315199,292825,118924,61969,56955,2031532,1265753,765779,1489741,965103,524638,1056479,803328,253151,433262,161775,271487,2197424,958825,1238599
08,114,Jaisalmer,Total,DISTRICT,117171,669919,361708,308211,130463,69610,60853,99134,52776,46358,42429,22497,19932,308653,210415,98238,288903,182565,106338,175383,137757,37626,113520,44808,68712,381016,179143,201873
08,115,Barmer,Total,DISTRICT,451629,2603751,1369022,1234729,501522,263356,238166,436414,228431,207983,176257,92610,83647,1188322,783461,404861,1202482,696240,506242,741367,526455,214912,461115,169785,291330,1401269,672782,728487
08,116,Jalor,Total,DISTRICT,326134,1828730,936634,892096,316455,166999,149456,357196,185342,171854,178719,93290,85429,829582,543923,285659,896644,494906,401738,660719,427864,232855,235925,67042,168883,932086,441728,490358
08,117,Sirohi,Total,DISTRICT,201785,1036346,534231,502115,173364,91370,81994,201863,104899,96964,292470,148966,143504,476806,309900,166906,419829,272196,147633,313292,239565,73727,106537,32631,73906,616517,262035,354482
08,118,Pali,Total,DISTRICT,418157,2037573,1025422,1012151,297434,156606,140828,398096,203328,194768,144578,74369,70209,1085693,667381,418312,842327,523077,319250,605288,443714,161574,237039,79363,157676,1195246,502345,692901
08,119,Ajmer,Total,DISTRICT,494832,2583052,1324085,1258967,381167,200511,180656,478027,243750,234277,63482,32408,31074,1526673,926268,600405,1053722,686149,367573,827181,601564,225617,226541,84585,141956,1529330,637936,891394
08,120,Tonk,Total,DISTRICT,266870,1421326,728136,693190,204038,107868,96170,287903,148110,139793,178207,92677,85530,749659,478329,271330,649161,371848,277313,495797,318276,177521,153364,53572,99792,772165,356288,415877
08,121,Bundi,Total,DISTRICT,220768,1110906,577160,533746,159884,84431,75453,210788,109333,101455,228549,119454,109095,585044,371705,213339,526091,314806,211285,361070,259200,101870,165021,55606,109415,584815,262354,322461
08,122,Bhilwara,Total,DISTRICT,498125,2408523,1220736,1187787,361683,187617,174066,407947,206332,201615,229273,117026,112247,1256126,777582,478544,1148165,674589,473576,883329,581039,302290,264836,93550,171286,1260358,546147,714211
08,123,Rajsamand,Total,DISTRICT,243078,1156597,581339,575258,176041,92527,83514,148168,74738,73430,160809,81173,79636,619139,383334,235805,550831,319534,231297,362584,257930,104654,188247,61604,126643,605766,261805,343961
08,124,Dungarpur,Total,DISTRICT,282029,1388552,696532,692020,242239,126008,116231,52267,26543,25724,983437,491631,491806,681591,415820,265771,641515,346624,294891,216411,170920,45491,425104,175704,249400,747037,349908,397129
08,125,Banswara,Total,DISTRICT,367797,1797485,907754,889731,325283,168225,157058,80091,40639,39452,1372999,690476,682523,829343,513854,315489,916574,482236,434338,542983,361194,181789,373591,121042,252549,880911,425518,455393
08,126,Chittaurgarh,Total,DISTRICT,329119,1544338,783171,761167,212507,111120,101387,250224,126748,123476,201546,101893,99653,821825,514851,306974,802755,456632,346123,656904,409334,247570,145851,47298,98553,741583,326539,415044
08,127,Kota,Total,DISTRICT,396501,1951014,1021161,929853,255056,134341,120715,405408,211161,194247,183816,96428,87388,1298345,765396,532949,748811,534650,214161,577548,467365,110183,171263,67285,103978,1202203,486511,715692
08,128,Baran,Total,DISTRICT,241428,1222755,633945,588810,182665,95542,87123,221184,114969,106215,276857,143094,133763,693307,432607,260700,552583,329754,222829,359785,262557,97228,192798,67197,125601,670172,304191,365981
08,129,Jhalawar,Total,DISTRICT,283295,1411129,725143,685986,208205,108890,99315,243582,125965,117617,182229,94185,88044,739792,466815,272977,685950,402825,283125,475653,338321,137332,210297,64504,145793,725179,322318,402861
08,130,Udaipur,Total,DISTRICT,623531,3068420,1566801,1501619,508550,264321,244229,188525,97094,91431,1525289,773213,752076,1582629,973444,609185,1365783,835839,529944,822355,623397,198958,543428,212442,330986,1702637,730962,971675
08,131,Pratapgarh,Total,DISTRICT,178726,867848,437744,430104,150518,77856,72662,60429,30755,29674,550427,276742,273685,401515,250122,151393,481294,251691,229603,327445,204151,123294,153849,47540,106309,386554,186053,200501
09,132,Saharanpur,Total,DISTRICT,597656,3466382,1834106,1632276,519591,275377,244214,764450,407029,357421,980,517,463,2077108,1220114,856994,1037344,911136,126208,882701,801589,81112,154643,109547,45096,2429038,922970,1506068
09,133,Muzaffarnagar,Total,DISTRICT,676642,4143512,2193434,1950078,646062,346805,299257,561250,298587,262663,317,176,141,2417339,1448528,968811,1291644,1081569,210075,1085491,962213,123278,206153,119356,86797,2851868,1111865,1740003
09,134,Bijnor,Total,DISTRICT,633197,3682713,1921215,1761498,564230,299659,264571,787444,413872,373572,3058,1588,1470,2135393,1241471,893922,1088036,921497,166539,839778,749729,90049,248258,171768,76490,2594677,999718,1594959
09,135,Moradabad,Total,DISTRICT,796170,4772006,2503186,2268820,784219,409325,374894,731406,385244,346162,685,377,308,2263848,1357435,906413,1417811,1193439,224372,1104968,988949,116019,312843,204490,108353,3354195,1309747,2044448
09,136,Rampur,Total,DISTRICT,393736,2335819,1223889,1111930,379227,197151,182076,307936,162844,145092,358,207,151,1043666,630408,413258,737261,609693,127568,564266,502124,62142,172995,107569,65426,1598558,614196,984362
09,137,Jyotiba Phule Nagar,Total,DISTRICT,314401,1840221,963449,876772,300231,157737,142494,318001,166662,151339,164,89,75,983110,600541,382569,599089,459037,140052,453567,386571,66996,145522,72466,73056,1241132,504412,736720
09,138,Meerut,Total,DISTRICT,579110,3443689,1825743,1617946,503719,272034,231685,624149,334198,289951,3390,1828,1562,2141488,1254520,886968,1090539,898810,191729,890810,775053,115757,199729,123757,75972,2353150,926933,1426217
09,139,Baghpat,Total,DISTRICT,209916,1303048,700070,602978,194979,105924,89055,149060,79920,69140,14,10,4,797970,489858,308112,416695,342604,74091,334519,292657,41862,82176,49947,32229,886353,357466,528887
09,140,Ghaziabad,Total,DISTRICT,850676,4681645,2488834,2192811,681231,368162,313069,773463,412750,360713,3968,2104,1864,3123264,1811397,1311867,1520538,1231615,288923,1252911,1071029,181882,267627,160586,107041,3161107,1257219,1903888
09,141,Gautam Buddha Nagar,Total,DISTRICT,327090,1648115,890214,757901,246598,133835,112763,216105,115438,100667,2215,1189,1026,1122947,666065,456882,569109,443384,125725,458492,377875,80617,110617,65509,45108,1079006,446830,632176
09,142,Bulandshahr ,Total,DISTRICT,587529,3499171,1845260,1653911,549796,296558,253238,725600,384743,340857,198,118,80,2031656,1253314,778342,1173260,897815,275445,885216,748292,136924,288044,149523,138521,2325911,947445,1378466
09,143,Aligarh,Total,DISTRICT,611371,3673889,1951996,1721893,574509,306019,268490,755254,402483,352771,629,340,289,2092567,1283380,809187,1174361,929337,245024,865799,747491,118308,308562,181846,126716,2499528,1022659,1476869
09,144,Mahamaya Nagar,Total,DISTRICT,260860,1564708,836127,728581,248106,133057,115049,387554,207170,180384,268,137,131,942572,579157,363415,484115,398126,85989,337295,299433,37862,146820,98693,48127,1080593,438001,642592
09,145,Mathura,Total,DISTRICT,423125,2547184,1367125,1180059,404276,216224,188052,506580,271295,235285,1520,826,694,1507746,943346,564400,840939,635142,205797,594799,506317,88482,246140,128825,117315,1706245,731983,974262
09,146,Agra,Total,DISTRICT,710566,4418797,2364953,2053844,673955,362234,311721,991325,531641,459684,7255,3827,3428,2680510,1614594,1065916,1389844,1119701,270143,1050562,912621,137941,339282,207080,132202,3028953,1245252,1783701
09,147,Firozabad,Total,DISTRICT,414266,2498156,1332046,1166110,382319,203259,179060,473890,253288,220602,2565,1346,1219,1521806,912314,609492,761521,621840,139681,573649,497247,76402,187872,124593,63279,1736635,710206,1026429
09,148,Mainpuri,Total,DISTRICT,313690,1868529,993377,875152,284349,150943,133406,368206,196507,171699,478,258,220,1203885,712110,491775,560840,466067,94773,424782,383292,41490,136058,82775,53283,1307689,527310,780379
09,149,Budaun,Total,DISTRICT,615776,3681896,1967759,1714137,664909,350112,314797,622526,332920,289606,58,30,28,1547477,986501,560976,1107343,939616,167727,875763,795070,80693,231580,144546,87034,2574553,1028143,1546410
09,150,Bareilly,Total,DISTRICT,756784,4448359,2357665,2090694,701416,368591,332825,557150,295964,261186,3227,1664,1563,2191759,1342697,849062,1401971,1153006,248965,1043912,910612,133300,358059,242394,115665,3046388,1204659,1841729
09,151,Pilibhit,Total,DISTRICT,362573,2031007,1072002,959005,304920,159509,145411,333558,176436,157122,1714,892,822,1061095,654290,406805,618605,534939,83666,463415,422120,41295,155190,112819,42371,1412402,537063,875339
09,152,Shahjahanpur,Total,DISTRICT,527501,3006538,1606403,1400135,502625,264106,238519,532673,285280,247393,508,259,249,1490930,915142,575788,892214,783313,108901,699503,640720,58783,192711,142593,50118,2114324,823090,1291234
09,153,Kheri,Total,DISTRICT,745077,4021243,2123187,1898056,662296,344806,317490,1061782,559240,502542,53375,26984,26391,2034044,1237157,796887,1264718,1058483,206235,958249,855497,102752,306469,202986,103483,2756525,1064704,1691821
09,154,Sitapur,Total,DISTRICT,801764,4483992,2375264,2108728,747558,387417,360141,1446427,767033,679394,1602,833,769,2283733,1397702,886031,1422602,1171252,251350,1023642,900129,123513,398960,271123,127837,3061390,1204012,1857378
09,155,Hardoi,Total,DISTRICT,730442,4092845,2191442,1901403,652496,343617,308879,1274505,685223,589282,349,186,163,2221601,1374587,847014,1318946,1091952,226994,969871,866141,103730,349075,225811,123264,2773899,1099490,1674409
09,156,Unnao,Total,DISTRICT,588533,3108367,1630087,1478280,435915,227015,208900,948588,494487,454101,2926,1558,1368,1773584,1053063,720521,1124744,851014,273730,761831,645197,116634,362913,205817,157096,1983623,779073,1204550
09,157,Lucknow,Total,DISTRICT,860703,4589838,2394476,2195362,543641,283952,259689,948294,498799,449495,7506,4036,3470,3127260,1742440,1384820,1542806,1226399,316407,1152285,969574,182711,390521,256825,133696,3047032,1168077,1878955
09,158,Rae Bareli,Total,DISTRICT,619707,3405559,1752542,1653017,482517,250501,232016,1030367,526735,503632,1756,876,880,1965843,1165965,799878,1204710,867393,337317,644869,520983,123886,559841,346410,213431,2200849,885149,1315700
09,159,Farrukhabad,Total,DISTRICT,314144,1885204,1006240,878964,302612,160230,142382,312712,168009,144703,230,124,106,1092677,654827,437850,592267,494545,97722,474686,424227,50459,117581,70318,47263,1292937,511695,781242
09,160,Kannauj,Total,DISTRICT,280928,1656616,881776,774840,257682,135758,121924,309980,166454,143526,15,9,6,1017087,603596,413491,524676,430934,93742,419027,366081,52946,105649,64853,40796,1131940,450842,681098
09,161,Etawah,Total,DISTRICT,277527,1581810,845856,735954,227470,121295,106175,388283,208731,179552,169,89,80,1062003,623583,438420,506072,413713,92359,361588,321871,39717,144484,91842,52642,1075738,432143,643595
09,162,Auraiya,Total,DISTRICT,248197,1379545,740040,639505,200517,105739,94778,391622,211413,180209,150,91,59,930836,546198,384638,442023,364543,77480,325721,291727,33994,116302,72816,43486,937522,375497,562025
09,163,Kanpur Dehat,Total,DISTRICT,329817,1796184,963255,832929,251965,132839,119126,460544,248195,212349,801,398,403,1170243,692964,477279,628864,493991,134873,448651,385967,62684,180213,108024,72189,1167320,469264,698056
09,164,Kanpur Nagar,Total,DISTRICT,863338,4581268,2459806,2121462,509924,272268,237656,816754,439603,377151,3753,2108,1645,3243022,1829179,1413843,1572232,1299871,272361,1229166,1067154,162012,343066,232717,110349,3009036,1159935,1849101
09,165,Jalaun ,Total,DISTRICT,288338,1689974,906092,783882,231997,123342,108655,468178,252588,215590,832,428,404,1075196,653430,421766,620764,470969,149795,420266,360043,60223,200498,110926,89572,1069210,435123,634087
09,166,Jhansi,Total,DISTRICT,367779,1998603,1057436,941167,260373,139559,120814,562505,297386,265119,3873,2074,1799,1304513,783705,520808,814914,565357,249557,560041,443645,116396,254873,121712,133161,1183689,492079,691610
09,167,Lalitpur,Total,DISTRICT,222094,1221592,641011,580581,212205,110745,101460,240519,126325,114194,71610,36834,34776,641191,397586,243605,503351,326783,176568,357033,278499,78534,146318,48284,98034,718241,314228,404013
09,168,Hamirpur,Total,DISTRICT,204863,1104285,593537,510748,154355,81834,72521,241198,130269,110929,474,259,215,653299,408125,245174,443655,308527,135128,290375,233058,57317,153280,75469,77811,660630,285010,375620
09,169,Mahoba,Total,DISTRICT,158435,875958,466358,409600,128129,67720,60409,220898,117389,103509,647,355,292,488106,302283,185823,349676,237153,112523,238712,184837,53875,110964,52316,58648,526282,229205,297077
09,170,Banda,Total,DISTRICT,319963,1799410,965876,833534,294972,155080,139892,387855,208184,179671,163,82,81,1002937,630626,372311,701689,485314,216375,483232,384396,98836,218457,100918,117539,1097721,480562,617159
09,171,Chitrakoot,Total,DISTRICT,168232,991730,527721,464009,175311,91919,83392,266655,141379,125276,366,196,170,531072,330339,200733,394197,254977,139220,282614,208896,73718,111583,46081,65502,597533,272744,324789
09,172,Fatehpur,Total,DISTRICT,472238,2632733,1384722,1248011,390089,204562,185527,651480,342892,308588,340,189,151,1512166,911003,601163,1063929,713736,350193,670156,521433,148723,393773,192303,201470,1568804,670986,897818
09,173,Pratapgarh,Total,DISTRICT,533546,3209141,1606085,1603056,453347,236478,216869,709252,351054,358198,723,380,343,1931559,1121381,810178,1066601,704569,362032,553013,419908,133105,513588,284661,228927,2142540,901516,1241024
09,174,Kaushambi,Total,DISTRICT,277851,1599596,838485,761111,272172,141512,130660,555397,291303,264094,193,102,91,813424,507279,306145,639086,402644,236442,415312,292462,122850,223774,110182,113592,960510,435841,524669
09,175,Allahabad ,Total,DISTRICT,976733,5954391,3131807,2822584,885355,467694,417661,1309851,687076,622775,7955,4270,3685,3665727,2199340,1466387,2111907,1426110,685797,1286732,981133,305599,825175,444977,380198,3842484,1705697,2136787
09,176,Bara Banki,Total,DISTRICT,579058,3260699,1707073,1553626,519867,269084,250783,864559,453168,411391,610,333,277,1692458,1010518,681940,1192850,871241,321609,834294,677923,156371,358556,193318,165238,2067849,835832,1232017
09,177,Faizabad,Total,DISTRICT,423375,2470996,1259628,1211368,360082,186440,173642,555047,281284,273763,931,469,462,1450901,838339,612562,831209,597888,233321,496579,404279,92300,334630,193609,141021,1639787,661740,978047
09,178,Ambedkar Nagar,Total,DISTRICT,368728,2397888,1212410,1185478,339229,175552,163677,591125,298240,292885,746,406,340,1486939,846676,640263,787398,547406,239992,440998,349437,91561,346400,197969,148431,1610490,665004,945486
09,179,Sultanpur,Total,DISTRICT,623523,3797117,1914586,1882531,563373,293043,270330,851587,431438,420149,696,358,338,2239902,1300248,939654,1242632,869838,372794,690967,548315,142652,551665,321523,230142,2554485,1044748,1509737
09,180,Bahraich,Total,DISTRICT,603754,3487731,1843884,1643847,654794,338419,316375,509307,270226,239081,11159,5606,5553,1398368,878285,520083,1152160,895576,256584,743452,640148,103304,408708,255428,153280,2335571,948308,1387263
09,181,Shrawasti,Total,DISTRICT,188289,1117361,593897,523464,211706,109818,101888,189334,101785,87549,5534,2889,2645,423313,276700,146613,403755,293981,109774,232762,192781,39981,170993,101200,69793,713606,299916,413690
09,182,Balrampur,Total,DISTRICT,323881,2148665,1114721,1033944,394710,202424,192286,277212,145928,131284,24887,12657,12230,868357,544943,323414,760253,534332,225921,458727,367929,90798,301526,166403,135123,1388412,580389,808023
09,183,Gonda,Total,DISTRICT,541247,3433919,1787146,1646773,572386,297178,275208,531973,276656,255317,870,476,394,1679994,1034181,645813,1170552,855848,314704,739663,604204,135459,430889,251644,179245,2263367,931298,1332069
09,184,Siddharthnagar,Total,DISTRICT,379351,2559297,1295095,1264202,485138,250683,234455,408763,208990,199773,12021,6087,5934,1228926,740718,488208,878898,583633,295265,447943,347611,100332,430955,236022,194933,1680399,711462,968937
09,185,Basti,Total,DISTRICT,382212,2464464,1255272,1209192,390969,202683,188286,513959,262534,251425,3620,1876,1744,1393783,819719,574064,783688,558642,225046,443724,360797,82927,339964,197845,142119,1680776,696630,984146
09,186,Sant Kabir Nagar,Total,DISTRICT,256645,1715183,869656,845527,283912,146188,137724,369039,187413,181626,1593,823,770,954949,567098,387851,539469,383482,155987,265453,218934,46519,274016,164548,109468,1175714,486174,689540
09,187,Mahrajganj,Total,DISTRICT,426565,2684703,1381754,1302949,423537,219357,204180,492976,254426,238550,16435,8361,8074,1419144,881674,537470,994253,659465,334788,439293,343119,96174,554960,316346,238614,1690450,722289,968161
09,188,Gorakhpur,Total,DISTRICT,692960,4440895,2277777,2163118,628442,329252,299190,936061,481123,454938,18172,9261,8911,2700328,1593890,1106438,1351629,1016876,334753,746381,616241,130140,605248,400635,204613,3089266,1260901,1828365
09,189,Kushinagar,Total,DISTRICT,561062,3564544,1818055,1746489,568581,294828,273753,544231,278947,265284,80269,41003,39266,1954820,1183722,771098,1116973,804857,312116,523258,422820,100438,593715,382037,211678,2447571,1013198,1434373
09,190,Deoria,Total,DISTRICT,468346,3100946,1537436,1563510,464516,241353,223163,468663,235694,232969,109894,54216,55678,1875239,1079288,795951,876246,639073,237173,455382,375569,79813,420864,263504,157360,2224700,898363,1326337
09,191,Azamgarh,Total,DISTRICT,665232,4613913,2285004,2328909,706085,367885,338200,1171378,579586,591792,9327,4690,4637,2771917,1559414,1212503,1372032,941890,430142,784272,611015,173257,587760,330875,256885,3241881,1343114,1898767
09,192,Mau,Total,DISTRICT,324424,2205968,1114709,1091259,341182,177105,164077,474537,241498,233039,22915,11464,11451,1363044,773082,589962,696747,475413,221334,396438,301006,95432,300309,174407,125902,1509221,639296,869925
09,193,Ballia,Total,DISTRICT,480268,3239774,1672902,1566872,471852,248293,223559,494698,257624,237074,110114,56817,53297,1963590,1160960,802630,1019483,723060,296423,569522,445393,124129,449961,277667,172294,2220291,949842,1270449
09,194,Jaunpur,Total,DISTRICT,663513,4494204,2220465,2273739,676216,352561,323655,990345,494226,496119,4736,2363,2373,2731677,1565394,1166283,1437375,934157,503218,896547,664609,231938,540828,269548,271280,3056829,1286308,1770521
09,195,Ghazipur,Total,DISTRICT,546664,3620268,1855075,1765193,558559,292774,265785,726641,375015,351626,28712,14664,14048,2197549,1293553,903996,1204602,808700,395902,766881,581125,185756,437721,227575,210146,2415666,1046375,1369291
09,196,Chandauli,Total,DISTRICT,296804,1952756,1017905,934851,309597,162019,147578,446786,235161,211625,41725,21571,20154,1174606,699454,475152,652543,462971,189572,341927,273276,68651,310616,189695,120921,1300213,554934,745279
09,197,Varanasi,Total,DISTRICT,560162,3676841,1921857,1754984,497151,263762,233389,486958,256483,230475,28617,14992,13625,2403903,1389116,1014787,1220708,921234,299474,920761,750828,169933,299947,170406,129541,2456133,1000623,1455510
09,198,Sant Ravidas Nagar (Bhadohi),Total,DISTRICT,222403,1578213,807099,771114,258583,135979,122604,353103,182617,170486,1873,986,887,910146,546782,363364,470608,343155,127453,286978,237468,49510,183630,105687,77943,1107605,463944,643661
09,199,Mirzapur,Total,DISTRICT,394925,2496970,1312302,1184668,410621,215841,194780,661129,347436,313693,20132,10480,9652,1428683,865837,562846,881996,613061,268935,537091,420679,116412,344905,192382,152523,1614974,699241,915733
09,200,Sonbhadra,Total,DISTRICT,333174,1862559,971344,891215,323092,167870,155222,421661,218996,202665,385018,197825,187193,985708,601988,383720,730399,463611,266788,397196,293517,103679,333203,170094,163109,1132160,507733,624427
09,201,Etah,Total,DISTRICT,290683,1774480,947339,827141,284227,151291,132936,281011,150631,130380,140,87,53,1055202,647042,408160,545984,440244,105740,415476,362371,53105,130508,77873,52635,1228496,507095,721401
09,202,Kanshiram Nagar,Total,DISTRICT,237903,1436719,764165,672554,248759,131396,117363,254299,135812,118487,150,80,70,724850,452803,272047,472765,375213,97552,354257,315043,39214,118508,60170,58338,963954,388952,575002
10,203,Pashchim Champaran,Total,DISTRICT,710461,3935042,2061110,1873932,776031,397418,378613,553944,289191,264753,250046,127680,122366,1759481,1091226,668255,1478947,999282,479665,797544,627289,170255,681403,371993,309410,2456095,1061828,1394267
10,204,Purba Champaran,Total,DISTRICT,981516,5099371,2681209,2418162,1018297,526835,491462,649726,340363,309363,12461,6454,6007,2276957,1407603,869354,1737539,1260774,476765,1132789,923468,209321,604750,337306,267444,3361832,1420435,1941397
10,205,Sheohar,Total,DISTRICT,150144,656246,346673,309573,128698,66728,61970,96655,51089,45566,318,177,141,283698,171645,112053,216372,166693,49679,137804,116164,21640,78568,50529,28039,439874,179980,259894
10,206,Sitamarhi,Total,DISTRICT,736322,3423574,1803252,1620322,663227,343555,319672,405714,213624,192090,2989,1585,1404,1436794,885188,551606,1114583,865929,248654,753645,645469,108176,360938,220460,140478,2308991,937323,1371668
10,207,Madhubani,Total,DISTRICT,898515,4487379,2329313,2158066,810479,418616,391863,587158,303389,283769,3990,2056,1934,2155338,1340085,815253,1636938,1105947,530991,1074091,819625,254466,562847,286322,276525,2850441,1223366,1627075
10,208,Supaul,Total,DISTRICT,443073,2229076,1155283,1073793,437357,224953,212404,354249,182545,171704,10168,5242,4926,1033283,647672,385611,877682,551718,325964,472649,356247,116402,405033,195471,209562,1351394,603565,747829
10,209,Araria,Total,DISTRICT,568142,2811569,1463333,1348236,577886,295315,282571,382654,198247,184407,38848,19887,18961,1195768,727643,468125,1069893,708391,361502,696410,537151,159259,373483,171240,202243,1741676,754942,986734
10,210,Kishanganj,Total,DISTRICT,338445,1690400,866970,823430,346904,175962,170942,113118,57964,55154,64224,32506,31718,745056,439921,305135,529064,421192,107872,384416,334500,49916,144648,86692,57956,1161336,445778,715558
10,211,Purnia,Total,DISTRICT,647777,3264619,1699370,1565249,656510,335955,320555,390991,203201,187790,139490,71391,68099,1332326,805261,527065,1143318,803275,340043,776385,600719,175666,366933,202556,164377,2121301,896095,1225206
10,212,Katihar,Total,DISTRICT,619076,3071029,1600430,1470599,620332,316391,303941,263100,136429,126671,179971,92190,87781,1280190,762256,517934,1013566,760522,253044,667602,555631,111971,345964,204891,141073,2057463,839908,1217555
10,213,Madhepura,Total,DISTRICT,401289,2001762,1047559,954203,404576,209571,195005,346275,179337,166938,12532,6442,6090,834577,517666,316911,777546,496046,281500,443507,335057,108450,334039,160989,173050,1224216,551513,672703
10,214,Saharsa,Total,DISTRICT,368979,1900661,997174,903487,387479,200497,186982,317249,164518,152731,6009,3101,2908,804996,506374,298622,649898,456724,193174,363326,296934,66392,286572,159790,126782,1250763,540450,710313
10,215,Darbhanga,Total,DISTRICT,803012,3937385,2059949,1877436,725482,375682,349800,615688,322327,293361,2772,1361,1411,1816634,1125566,691068,1223640,947927,275713,731347,619269,112078,492293,328658,163635,2713745,1112022,1601723
10,216,Muzaffarpur,Total,DISTRICT,945703,4801062,2527497,2273565,845335,441339,403996,751975,393135,358840,5979,3124,2855,2509232,1487117,1022115,1547586,1195308,352278,910304,758127,152177,637282,437181,200101,3253476,1332189,1921287
10,217,Gopalganj,Total,DISTRICT,413044,2562012,1267666,1294346,449530,230014,219516,320064,159265,160799,60807,29833,30974,1382998,793905,589093,728201,539586,188615,363111,300336,62775,365090,239250,125840,1833811,728080,1105731
10,218,Siwan,Total,DISTRICT,535661,3330464,1675090,1655374,551418,284188,267230,386685,195965,190720,87000,43472,43528,1930175,1115906,814269,932416,730396,202020,462104,401635,60469,470312,328761,141551,2398048,944694,1453354
10,219,Saran,Total,DISTRICT,631097,3951862,2022821,1929041,681142,353738,327404,474066,242976,231090,36786,18322,18464,2157454,1285767,871687,1040231,857660,182571,545520,476379,69141,494711,381281,113430,2911631,1165161,1746470
10,220,Vaishali,Total,DISTRICT,626087,3495021,1844535,1650486,601893,316129,285764,738031,387827,350204,2274,1232,1042,1926740,1152576,774164,1060344,858648,201696,716006,622933,93073,344338,235715,108623,2434677,985887,1448790
10,221,Samastipur,Total,DISTRICT,835493,4261566,2230003,2031563,797381,414586,382795,803128,417944,385184,1884,975,909,2142880,1293575,849305,1343400,1037576,305824,907433,771593,135840,435967,265983,169984,2918166,1192427,1725739
10,222,Begusarai,Total,DISTRICT,589667,2970541,1567660,1402881,545965,284517,261448,432270,227481,204789,1597,848,749,1548673,918507,630166,938182,715345,222837,591811,491066,100745,346371,224279,122092,2032359,852315,1180044
10,223,Khagaria,Total,DISTRICT,328823,1666886,883786,783100,340880,177007,163873,247161,130191,116970,675,352,323,768028,461153,306875,560805,398216,162589,306283,252177,54106,254522,146039,108483,1106081,485570,620511
10,224,Bhagalpur,Total,DISTRICT,564711,3037766,1615663,1422103,546382,281937,264445,318569,169667,148902,67180,35545,31635,1573066,937669,635397,983528,740056,243472,534129,451588,82541,449399,288468,160931,2054238,875607,1178631
10,225,Banka,Total,DISTRICT,381601,2034763,1067140,967623,375282,193179,182103,247858,129663,118195,90432,45901,44531,965321,590961,374360,771080,517817,253263,374097,295336,78761,396983,222481,174502,1263683,549323,714360
10,226,Munger,Total,DISTRICT,263171,1367765,729041,638724,229860,119611,110249,183846,97195,86651,21404,10995,10409,801817,473741,328076,426658,327453,99205,233402,198949,34453,193256,128504,64752,941107,401588,539519
10,227,Lakhisarai,Total,DISTRICT,163355,1000912,526345,474567,188214,98050,90164,153209,80069,73140,8333,4247,4086,507270,305182,202088,326576,240494,86082,201866,163186,38680,124710,77308,47402,674336,285851,388485
10,228,Sheikhpura,Total,DISTRICT,100701,636342,329743,306599,121647,62710,58937,131115,67582,63533,617,305,312,328676,196431,132245,224655,151569,73086,148002,109905,38097,76653,41664,34989,411687,178174,233513
10,229,Nalanda,Total,DISTRICT,477529,2877653,1497060,1380593,518681,268660,250021,607672,315240,292432,1442,728,714,1519933,919558,600375,1045420,703405,342015,740949,545915,195034,304471,157490,146981,1832233,793655,1038578
10,230,Patna,Total,DISTRICT,975578,5838465,3078512,2759953,943552,494228,449324,920918,482088,438830,9069,4717,4352,3459679,2028047,1431632,1881886,1436411,445475,1371267,1121391,249876,510619,315020,195599,3956579,1642101,2314478
10,231,Bhojpur,Total,DISTRICT,416090,2728407,1430380,1298027,459187,239364,219823,425402,222716,202686,13977,7363,6614,1599151,973486,625665,822493,640283,182210,512009,434666,77343,310484,205617,104867,1905914,790097,1115817
10,232,Buxar,Total,DISTRICT,261660,1706352,887977,818375,295127,152626,142501,251737,131821,119916,26824,14102,12722,989807,593544,396263,538322,402180,136142,328547,278552,49995,209775,123628,86147,1168030,485797,682233
10,233,Kaimur (Bhabua),Total,DISTRICT,250884,1626384,847006,779378,299281,154105,145176,369088,192686,176402,57981,29717,28264,920276,549923,370353,511163,375959,135204,284646,235244,49402,226517,140715,85802,1115221,471047,644174
10,234,Rohtas,Total,DISTRICT,460345,2959918,1543546,1416372,506810,262474,244336,549546,286596,262950,31650,16399,15251,1799832,1061783,738049,924879,707939,216940,542439,465573,76866,382440,242366,140074,2035039,835607,1199432
10,235,Aurangabad,Total,DISTRICT,391898,2540073,1318684,1221389,455394,234256,221138,612064,316161,295903,1033,500,533,1466002,868733,597269,837770,599157,238613,480286,382278,98008,357484,216879,140605,1702303,719527,982776
10,236,Gaya,Total,DISTRICT,688425,4391418,2266566,2124852,783059,399426,383633,1334351,683943,650408,3098,1635,1463,2297613,1368803,928810,1664062,1076170,587892,1007057,734465,272592,657005,341705,315300,2727356,1190396,1536960
10,237,Nawada,Total,DISTRICT,338247,2219146,1144668,1074478,393547,202310,191237,565112,290050,275062,2045,997,1048,1091012,659474,431538,817041,539439,277602,508509,375966,132543,308532,163473,145059,1402105,605229,796876
10,238,Jamui,Total,DISTRICT,307082,1760405,916064,844341,324513,165945,158568,302649,155849,146800,78793,40185,38608,858588,534385,324203,727571,452288,275283,445352,308268,137084,282219,144020,138199,1032834,463776,569058
10,239,Jehanabad ,Total,DISTRICT,181740,1125313,585582,539731,198785,103452,95333,222974,115034,107940,1285,667,618,618881,374412,244469,365378,266423,98955,251690,200878,50812,113688,65545,48143,759935,319159,440776
10,240,Arwal,Total,DISTRICT,118222,700843,363497,337346,127841,65910,61931,141314,72885,68429,590,283,307,386351,235279,151072,236354,167991,68363,161277,126761,34516,75077,41230,33847,464489,195506,268983
11,241,North  District,Total,DISTRICT,8873,43709,24730,18979,4677,2425,2252,982,536,446,28715,14741,13974,30450,18579,11871,23359,15935,7424,17216,12677,4539,6143,3258,2885,20350,8795,11555
11,242,West District,Total,DISTRICT,28023,136435,70238,66197,15706,7996,7710,5935,3117,2818,57817,29485,28332,93432,51988,41444,70348,40772,29576,51225,33254,17971,19123,7518,11605,66087,29466,36621
11,243,South District,Total,DISTRICT,30543,146850,76670,70180,15744,8063,7681,6053,3058,2995,41392,21556,19836,106741,59357,47384,74753,45300,29453,50898,35271,15627,23855,10029,13826,72097,31370,40727
11,244,East District,Total,DISTRICT,61567,283583,151432,132151,27984,14277,13707,15305,7743,7562,78436,39479,38957,214329,121345,92984,139678,92351,47327,111058,79311,31747,28620,13040,15580,143905,59081,84824
12,245,Tawang,Total,DISTRICT,10062,49977,29151,20826,5788,2914,2874,0,0,0,34811,16770,18041,26073,17720,8353,28561,19554,9007,24430,17869,6561,4131,1685,2446,21416,9597,11819
12,246,West Kameng,Total,DISTRICT,18159,83947,46155,37792,11643,5900,5743,0,0,0,46380,22771,23609,48492,29566,18926,42493,28313,14180,34752,24640,10112,7741,3673,4068,41454,17842,23612
12,247,East Kameng,Total,DISTRICT,14508,78690,38775,39915,14626,7311,7315,0,0,0,72400,35266,37134,38449,21599,16850,31710,16424,15286,27123,14360,12763,4587,2064,2523,46980,22351,24629
12,248,Papum Pare,Total,DISTRICT,35730,176573,89182,87391,25170,12729,12441,0,0,0,117216,56469,60747,121048,65794,55254,65772,41263,24509,51157,34148,17009,14615,7115,7500,110801,47919,62882
12,249,Upper Subansiri,Total,DISTRICT,15869,83448,41758,41690,12475,6332,6143,0,0,0,78323,38570,39753,45278,24807,20471,33370,17898,15472,25717,14525,11192,7653,3373,4280,50078,23860,26218
12,250,West Siang,Total,DISTRICT,21231,112274,58168,54106,14855,7655,7200,0,0,0,92783,45746,47037,64746,36777,27969,49177,29156,20021,43000,26045,16955,6177,3111,3066,63097,29012,34085
12,251,East Siang,Total,DISTRICT,19107,99214,50116,49098,12955,6517,6438,0,0,0,69979,34533,35446,62576,34210,28366,40222,23591,16631,33578,20309,13269,6644,3282,3362,58992,26525,32467
12,252,Upper Siang,Total,DISTRICT,7324,35320,18699,16621,4988,2563,2425,0,0,0,28468,14413,14055,18195,10723,7472,17644,9968,7676,14524,8521,6003,3120,1447,1673,17676,8731,8945
12,253,Changlang,Total,DISTRICT,29521,148226,76948,71278,25869,13075,12794,0,0,0,53878,27061,26817,73174,44027,29147,62966,39329,23637,50765,34767,15998,12201,4562,7639,85260,37619,47641
12,254,Tirap,Total,DISTRICT,20611,111975,57604,54371,20045,10223,9822,0,0,0,98372,49365,49007,47974,29313,18661,50169,27545,22624,44262,24739,19523,5907,2806,3101,61806,30059,31747
12,255,Lower Subansiri,Total,DISTRICT,15249,83030,41843,41187,10320,5248,5072,0,0,0,72911,35803,37108,54057,29470,24587,30202,17339,12863,22669,13890,8779,7533,3449,4084,52828,24504,28324
12,256,Kurung Kumey,Total,DISTRICT,15037,92076,45318,46758,16988,8568,8420,0,0,0,90764,44459,46305,36606,20258,16348,38044,18429,19615,24372,12232,12140,13672,6197,7475,54032,26889,27143
12,257,Dibang Valley,Total,DISTRICT,1952,8004,4414,3590,1084,574,510,0,0,0,5701,2850,2851,4436,2614,1822,3555,2228,1327,2525,1642,883,1030,586,444,4449,2186,2263
12,258,Lower Dibang Valley,Total,DISTRICT,11600,54080,28053,26027,8009,4112,3897,0,0,0,25974,12649,13325,31849,18087,13762,22326,14102,8224,19829,13051,6778,2497,1051,1446,31754,13951,17803
12,259,Lohit,Total,DISTRICT,30005,145726,76221,69505,23901,12159,11742,0,0,0,47410,23457,23953,83062,48380,34682,60945,38910,22035,50754,34656,16098,10191,4254,5937,84781,37311,47470
12,260,Anjaw,Total,DISTRICT,4612,21167,11507,9660,3472,1744,1728,0,0,0,16451,8208,8243,9990,6523,3467,10501,6224,4277,9264,5715,3549,1237,509,728,10666,5283,5383
13,261,Mon,Total,DISTRICT,41978,250260,131753,118507,40342,21099,19243,0,0,0,238285,124343,113942,119626,67432,52194,147654,79425,68229,104981,58695,46286,42673,20730,21943,102606,52328,50278
13,262,Mokokchung,Total,DISTRICT,42690,194622,101092,93530,20536,10534,10002,0,0,0,178431,90567,87864,159494,83479,76015,100067,57084,42983,81046,48355,32691,19021,8729,10292,94555,44008,50547
13,263,Zunheboto,Total,DISTRICT,27835,140757,71217,69540,20093,10316,9777,0,0,0,136561,68071,68490,102881,53504,49377,79466,41178,38288,49382,27876,21506,30084,13302,16782,61291,30039,31252
13,264,Wokha,Total,DISTRICT,31891,166343,84505,81838,20138,10298,9840,0,0,0,156621,78816,77805,128208,67385,60823,78412,42096,36316,63512,35692,27820,14900,6404,8496,87931,42409,45522
13,265,Dimapur ,Total,DISTRICT,78605,378811,197394,181417,50898,25889,25009,0,0,0,223989,110892,113097,278037,150142,127895,151350,99645,51705,122358,88055,34303,28992,11590,17402,227461,97749,129712
13,266,Phek,Total,DISTRICT,36639,163418,83743,79675,27752,14505,13247,0,0,0,157146,79536,77610,105893,57926,47967,80277,41556,38721,63645,34382,29263,16632,7174,9458,83141,42187,40954
13,267,Tuensang,Total,DISTRICT,36742,196596,101933,94663,35790,18516,17274,0,0,0,190916,98212,92704,117511,63653,53858,98154,52931,45223,73518,41420,32098,24636,11511,13125,98442,49002,49440
13,268,Longleng,Total,DISTRICT,11985,50484,26502,23982,9110,4832,4278,0,0,0,48615,25268,23347,29859,16139,13720,30568,16273,14295,20944,11547,9397,9624,4726,4898,19916,10229,9687
13,269,Kiphire,Total,DISTRICT,14771,74004,37830,36174,14711,7550,7161,0,0,0,71429,36217,35212,41232,22675,18557,31959,16780,15179,25830,14181,11649,6129,2599,3530,42045,21050,20995
13,270,Kohima,Total,DISTRICT,54391,267988,138966,129022,36286,18279,18007,0,0,0,224738,110617,114121,197489,107038,90451,114825,68140,46685,99408,60839,38569,15417,7301,8116,153163,70826,82337
13,271,Peren,Total,DISTRICT,18475,95219,49714,45505,15415,7967,7448,0,0,0,84242,43488,40754,62204,34584,27620,61390,32249,29141,36555,21162,15393,24835,11087,13748,33829,17465,16364
14,272,Senapati,Total,DISTRICT,83411,479148,247323,231825,63335,33463,29872,1000,536,464,419210,214519,204691,264477,148012,116465,233622,124143,109479,185725,101924,83801,47897,22219,25678,245526,123180,122346
14,273,Tamenglong ,Total,DISTRICT,25039,140651,72371,68280,19307,10072,9235,22,17,5,134626,68226,66400,85006,47403,37603,70675,37237,33438,55979,30544,25435,14696,6693,8003,69976,35134,34842
14,274,Churachandpur,Total,DISTRICT,49089,274143,138820,135323,37445,19227,18218,443,244,199,254787,126328,128459,195935,104013,91922,122655,70594,52061,89779,57558,32221,32876,13036,19840,151488,68226,83262
14,275,Bishnupur,Total,DISTRICT,46580,237399,118782,118617,31303,16192,15111,22113,11085,11028,3287,1625,1662,156333,87313,69020,109937,62807,47130,76423,53158,23265,33514,9649,23865,127462,55975,71487
14,276,Thoubal,Total,DISTRICT,85965,422168,210845,211323,60556,31294,29262,40593,20137,20456,1808,929,879,269304,152617,116687,195319,109377,85942,133428,90299,43129,61891,19078,42813,226849,101468,125381
14,277,Imphal West,Total,DISTRICT,111156,517992,255054,262938,61875,31747,30128,16530,8308,8222,24161,11560,12601,392626,205985,186641,213387,128540,84847,166009,110440,55569,47378,18100,29278,304605,126514,178091
14,278,Imphal East,Total,DISTRICT,92124,456113,226094,230019,59936,30851,29085,15839,8055,7784,27657,13500,14157,324664,173314,151350,194848,117562,77286,145343,100014,45329,49505,17548,31957,261265,108532,152733
14,279,Ukhrul,Total,DISTRICT,35694,183998,94718,89280,24413,12693,11720,248,160,88,173606,87970,85636,129829,70148,59681,87929,46533,41396,67724,37336,30388,20205,9197,11008,96069,48185,47884
14,280,Chandel,Total,DISTRICT,28801,144182,74579,69603,17187,8945,8242,540,321,219,128280,63622,64658,90302,51053,39249,76238,42615,33623,53753,33862,19891,22485,8753,13732,67944,31964,35980
15,281,Mamit,Total,DISTRICT,17731,86364,44828,41536,15495,7828,7667,51,42,9,82080,42075,40005,60191,32977,27214,39339,24016,15323,36185,23226,12959,3154,790,2364,47025,20812,26213
15,282,Kolasib,Total,DISTRICT,17270,83955,42918,41037,13482,6810,6672,84,59,25,73609,36917,36692,65895,34147,31748,36672,22733,13939,29697,20013,9684,6975,2720,4255,47283,20185,27098
15,283,Aizawl,Total,DISTRICT,82524,400309,199270,201039,52357,26450,25907,627,388,239,373542,182517,191025,340595,169547,171048,174636,104643,69993,151410,94442,56968,23226,10201,13025,225673,94627,131046
15,284,Champhai,Total,DISTRICT,25520,125745,63388,62357,20645,10474,10171,17,16,1,123466,61954,61512,100802,51440,49362,60342,34129,26213,53111,31518,21593,7231,2611,4620,65403,29259,36144
15,285,Serchhip,Total,DISTRICT,12622,64937,32851,32086,9299,4771,4528,32,20,12,62889,31381,31508,54476,27598,26878,32397,18261,14136,29838,17428,12410,2559,833,1726,32540,14590,17950
15,286,Lunglei,Total,DISTRICT,33058,161428,82891,78537,25117,12798,12319,178,125,53,153533,77180,76353,121122,64515,56607,78292,46230,32062,62013,40961,21052,16279,5269,11010,83136,36661,46475
15,287,Lawngtlai,Total,DISTRICT,22984,117894,60599,57295,22483,11433,11050,146,105,41,112354,57044,55310,62861,36444,26417,45566,28517,17049,38082,25757,12325,7484,2760,4724,72328,32082,40246
15,288,Saiha,Total,DISTRICT,11144,56574,28594,27980,9653,4997,4656,83,52,31,54642,27226,27416,42233,21861,20372,19461,12211,7250,14694,9960,4734,4767,2251,2516,37113,16383,20730
16,289,West Tripura ,Total,DISTRICT,410565,1725739,879428,846311,190850,97787,93063,338094,172522,165572,431944,217278,214666,1361354,722998,638356,698178,500406,197772,524198,431743,92455,173980,68663,105317,1027561,379022,648539
16,290,South Tripura ,Total,DISTRICT,208127,876001,447544,428457,111949,57382,54567,140168,72012,68156,344835,173174,171661,646810,351082,295728,366845,253229,113616,258457,212050,46407,108388,41179,67209,509156,194315,314841
16,291,Dhalai,Total,DISTRICT,84509,378230,194544,183686,56011,28460,27551,61688,31461,30227,210608,106759,103849,276217,151643,124574,155831,105657,50174,108259,88877,19382,47572,16780,30792,222399,88887,133512
16,292,North Tripura,Total,DISTRICT,152355,693947,352860,341087,99204,50379,48825,114968,58375,56593,179426,91116,88310,520402,275646,244756,248667,186034,62633,186105,155211,30894,62562,30823,31739,445280,166826,278454
17,293,West Garo Hills,Total,DISTRICT,123352,643291,324159,319132,112514,56950,55564,8810,4535,4275,474009,236772,237237,358702,193438,165264,255693,151914,103779,188371,123377,64994,67322,28537,38785,387598,172245,215353
17,294,East Garo Hills,Total,DISTRICT,58328,317917,161223,156694,58071,29328,28743,509,304,205,305180,153861,151319,192147,102513,89634,126073,72262,53811,83936,56056,27880,42137,16206,25931,191844,88961,102883
17,295,South Garo Hills,Total,DISTRICT,24527,142334,73170,69164,27909,14136,13773,319,188,131,134237,68140,66097,82062,45003,37059,53069,32826,20243,38397,26435,11962,14672,6391,8281,89265,40344,48921
17,296,West Khasi Hills,Total,DISTRICT,64906,383461,193715,189746,87214,44342,42872,168,93,75,375097,189134,185963,230678,117307,113371,163345,89694,73651,119803,69204,50599,43542,20490,23052,220116,104021,116095
17,297,Ribhoi,Total,DISTRICT,46872,258840,132531,126309,52862,27074,25788,590,329,261,230081,115907,114174,155859,80977,74882,106473,63871,42602,90875,57058,33817,15598,6813,8785,152367,68660,83707
17,298,East Khasi Hills,Total,DISTRICT,164046,825922,410749,415173,139055,70805,68250,5642,2924,2718,661158,320048,341110,578030,287270,290760,326786,204303,122483,289576,186123,103453,37210,18180,19030,499136,206446,292690
17,299,Jaintia Hills,Total,DISTRICT,66028,395124,196285,198839,90911,46011,44900,1317,784,533,376099,185866,190233,187527,87371,100156,154180,88839,65341,110617,67267,43350,43563,21572,21991,240944,107446,133498
18,300,Kokrajhar,Total,DISTRICT,181081,887142,452905,434237,136924,70085,66839,29570,15386,14184,278665,139579,139086,489305,275220,214085,341131,236322,104809,253110,198804,54306,88021,37518,50503,546011,216583,329428
18,301,Dhubri,Total,DISTRICT,414674,1949258,997848,951410,368262,187092,181170,70395,36359,34036,6332,3198,3134,922341,511551,410790,669819,524898,144921,504998,447077,57921,164821,77821,87000,1279439,472950,806489
18,302,Goalpara,Total,DISTRICT,198454,1008183,513292,494891,171657,87457,84200,45094,22999,22095,231570,116013,115557,563577,304302,259275,362573,267118,95455,266376,222680,43696,96197,44438,51759,645610,246174,399436
18,303,Barpeta,Total,DISTRICT,337929,1693622,867004,826618,287829,146777,141052,95320,49165,46155,27344,13530,13814,897058,499038,398020,561824,445297,116527,439453,389372,50081,122371,55925,66446,1131798,421707,710091
18,304,Morigaon,Total,DISTRICT,184602,957423,486651,470772,163819,83746,80073,117841,60194,57647,136777,68382,68395,539902,289698,250204,351148,257984,93164,260968,221150,39818,90180,36834,53346,606275,228667,377608
18,305,Nagaon,Total,DISTRICT,559340,2823768,1439112,1384656,459940,234203,225737,266350,136473,129877,115153,57759,57394,1710716,921850,788866,979998,766728,213270,734993,636533,98460,245005,130195,114810,1843770,672384,1171386
18,306,Sonitpur,Total,DISTRICT,392919,1924110,983904,940206,277862,141353,136509,109130,55817,53313,232207,117685,114522,1108572,620525,488047,770606,537195,233411,558325,441093,117232,212281,96102,116179,1153504,446709,706795
18,307,Lakhimpur,Total,DISTRICT,204307,1042137,529674,512463,156739,80016,76723,81840,41689,40151,249426,126716,122710,683486,375552,307934,429995,282250,147745,283533,223800,59733,146462,58450,88012,612142,247424,364718
18,308,Dhemaji,Total,DISTRICT,129869,686133,351249,334884,104247,53457,50790,44225,23006,21219,325560,165449,160111,423028,237761,185267,316800,186577,130223,201364,145683,55681,115436,40894,74542,369333,164672,204661
18,309,Tinsukia,Total,DISTRICT,268598,1327929,680231,647698,181826,92777,89049,37688,19443,18245,82066,41769,40297,798322,453449,344873,557196,366623,190573,410188,297578,112610,147008,69045,77963,770733,313608,457125
18,310,Dibrugarh,Total,DISTRICT,276867,1326335,676434,649901,163210,83168,80042,58876,30517,28359,102871,51835,51036,884531,491361,393170,560557,368013,192544,391597,284955,106642,168960,83058,85902,765778,308421,457357
18,311,Sivasagar,Total,DISTRICT,248367,1151050,589216,561834,139380,71102,68278,42347,21568,20779,49039,24989,24050,813505,444767,368738,485717,325071,160646,318950,237590,81360,166767,87481,79286,665333,264145,401188
18,312,Jorhat,Total,DISTRICT,236262,1092256,556805,535451,124594,63428,61166,88665,45194,43471,139971,70795,69176,794929,432335,362594,498618,320746,177872,338635,249021,89614,159983,71725,88258,593638,236059,357579
18,313,Golaghat,Total,DISTRICT,227197,1066888,543161,523727,134793,68662,66131,62298,31807,30491,111765,56420,55345,721764,396475,325289,479928,309104,170824,331210,247086,84124,148718,62018,86700,586960,234057,352903
18,314,Karbi Anglong,Total,DISTRICT,177646,956313,490167,466146,151681,77428,74253,44961,23436,21525,538738,272460,266278,557214,314253,242961,383441,246193,137248,260482,200965,59517,122959,45228,77731,572872,243974,328898
18,315,Dima Hasao,Total,DISTRICT,42252,214102,110802,103300,32414,16480,15934,4337,2340,1997,151843,76520,75323,140873,78559,62314,85028,56323,28705,68297,49811,18486,16731,6512,10219,129074,54479,74595
18,316,Cachar,Total,DISTRICT,379955,1736617,886284,850333,256774,131417,125357,264897,136051,128846,17569,8736,8833,1174128,639946,534182,608062,469752,138310,471259,395681,75578,136803,74071,62732,1128555,416532,712023
18,317,Karimganj,Total,DISTRICT,247714,1228686,625864,602822,211960,107638,104322,157890,81384,76506,1940,994,946,795297,435942,359355,399171,319798,79373,293392,256238,37154,105779,63560,42219,829515,306066,523449
18,318,Hailakandi,Total,DISTRICT,143350,659296,337890,321406,111278,56936,54342,70659,36369,34290,691,354,337,407366,226836,180530,214240,170792,43448,165193,141385,23808,49047,29407,19640,445056,167098,277958
18,319,Bongaigaon,Total,DISTRICT,150018,738804,375818,362986,116392,59099,57293,82784,42513,40271,18835,9377,9458,434078,237114,196964,255806,197542,58264,191671,167483,24188,64135,30059,34076,482998,178276,304722
18,320,Chirang,Total,DISTRICT,97395,482162,244860,237302,73215,37201,36014,35135,18105,17030,178688,89273,89415,259902,145869,114033,193894,128762,65132,139027,106201,32826,54867,22561,32306,288268,116098,172170
18,321,Kamrup,Total,DISTRICT,311114,1517542,778461,739081,200061,101716,98345,107827,55237,52590,182038,92094,89944,995319,550219,445100,628954,428492,200462,421244,346863,74381,207710,81629,126081,888588,349969,538619
18,322,Kamrup Metropolitan,Total,DISTRICT,293112,1253938,647585,606353,125386,64444,60942,101789,52106,49683,75121,37902,37219,1001191,537227,463964,490932,375613,115319,413154,334724,78430,77778,40889,36889,763006,271972,491034
18,323,Nalbari,Total,DISTRICT,155248,771639,396006,375633,95333,48458,46875,60216,30654,29562,23364,11692,11672,531771,293184,238587,267623,210202,57421,196773,172308,24465,70850,37894,32956,504016,185804,318212
18,324,Baksa,Total,DISTRICT,191701,950075,481330,468745,122872,62498,60374,73083,37534,35549,331007,165634,165373,572837,322614,250223,406756,266611,140145,278297,215948,62349,128459,50663,77796,543319,214719,328600
18,325,Darrang,Total,DISTRICT,187783,928500,475273,453227,156408,79437,76971,40260,20566,19694,8419,4300,4119,487039,268666,218373,324843,246864,77979,241456,209831,31625,83387,37033,46354,603657,228409,375248
18,326,Udalguri,Total,DISTRICT,168717,831668,421617,410051,113274,57410,55864,37844,19402,18442,267372,133550,133822,469926,264326,205600,345030,230690,114340,253178,194782,58396,91852,35908,55944,486638,190927,295711
19,327,Darjiling ,Total,DISTRICT,391234,1846823,937259,909564,193169,98933,94236,317275,161495,155780,397389,197251,200138,1315585,717673,597912,683726,479586,204140,532855,396341,136514,150871,83245,67626,1163097,457673,705424
19,328,Jalpaiguri ,Total,DISTRICT,868326,3872846,1983064,1889782,461700,236117,225583,1458278,750841,707437,731704,365868,365836,2498780,1396622,1102158,1512910,1091361,421549,1153765,922182,231583,359145,169179,189966,2359936,891703,1468233
19,329,Koch Bihar ,Total,DISTRICT,665720,2819086,1451542,1367544,344645,176940,167705,1414336,728506,685830,18125,9388,8737,1850504,1028733,821771,1127977,845308,282669,886357,749848,136509,241620,95460,146160,1691109,606234,1084875
19,330,Uttar Dinajpur,Total,DISTRICT,605674,3007134,1551066,1456068,485157,248402,236755,807950,418288,389662,162816,81831,80985,1489667,853495,636172,1075626,799627,275999,824342,688769,135573,251284,110858,140426,1931508,751439,1180069
19,331,Dakshin Dinajpur,Total,DISTRICT,396406,1676276,857199,819077,188135,96143,91992,482754,248312,234442,275366,138025,137341,1083685,596474,487211,702987,499560,203427,526470,427578,98892,176517,71982,104535,973289,357639,615650
19,332,Maldah ,Total,DISTRICT,846991,3988845,2051541,1937304,609040,312340,296700,835430,432744,402686,313984,157528,156456,2086432,1152019,934413,1537847,1086461,451386,1050995,851932,199063,486852,234529,252323,2450998,965080,1485918
19,333,Murshidabad ,Total,DISTRICT,1570759,7103807,3627564,3476243,1013392,514876,498516,897534,460143,437391,91035,46163,44872,4055834,2177187,1878647,2589907,1985667,604240,2022083,1662624,359459,567824,323043,244781,4513900,1641897,2872003
19,334,Birbhum,Total,DISTRICT,817899,3502404,1790920,1711484,448485,228909,219576,1033140,529001,504139,242484,119787,122697,2158447,1201481,956966,1331603,1029770,301833,912844,785648,127196,418759,244122,174637,2170801,761150,1409651
19,335,Barddhaman ,Total,DISTRICT,1730927,7717563,3966889,3750674,832033,426385,405648,2115719,1079584,1036135,489447,243581,245866,5247208,2918040,2329168,2911251,2293083,618168,2166742,1838681,328061,744509,454402,290107,4806312,1673806,3132506
19,336,Nadia ,Total,DISTRICT,1232282,5167600,2653768,2513832,525180,267954,257226,1546917,798258,748659,140700,71142,69558,3480555,1878866,1601689,1842607,1554090,288517,1595880,1405191,190689,246727,148899,97828,3324993,1099678,2225315
19,337,North Twenty Four Parganas,Total,DISTRICT,2348683,10009781,5119389,4890392,957973,489824,468149,2169084,1115458,1053626,264597,134179,130418,7608693,4056046,3552647,3571624,2945189,626435,3055630,2630907,424723,515994,314282,201712,6438157,2174200,4263957
19,338,Hugli ,Total,DISTRICT,1287423,5519145,2814653,2704492,533210,273116,260094,1344021,680992,663029,229243,113249,115994,4078388,2211777,1866611,2152870,1713608,439262,1714645,1463433,251212,438225,250175,188050,3366275,1101045,2265230
19,339,Bankura ,Total,DISTRICT,766902,3596674,1838095,1758579,418650,214846,203804,1174447,593440,581007,368690,183467,185223,2232992,1299337,933655,1466220,1050822,415398,916393,762088,154305,549827,288734,261093,2130454,787273,1343181
19,340,Puruliya,Total,DISTRICT,567824,2930115,1496996,1433119,410227,210003,200224,567767,290789,276978,540652,271803,268849,1624905,1002058,622847,1249642,801254,448388,613398,493232,120166,636244,308022,328222,1680473,695742,984731
19,341,Haora ,Total,DISTRICT,1061336,4850029,2500819,2349210,522802,266472,256330,718951,367053,351898,15094,7761,7333,3605206,1942824,1662382,1819845,1498170,321675,1496267,1304435,191832,323578,193735,129843,3030184,1002649,2027535
19,342,Kolkata,Total,DISTRICT,1024928,4496694,2356766,2139928,339323,175564,163759,241932,128053,113879,10684,5729,4955,3588137,1926915,1661222,1795740,1412466,383274,1576419,1294266,282153,219321,118200,101121,2700954,944300,1756654
19,343,South Twenty Four Parganas,Total,DISTRICT,1781221,8161961,4173778,3988183,1025679,522552,503127,2464032,1266504,1197528,96976,49195,47781,5531657,3043277,2488380,2964494,2356571,607923,2003685,1748714,254971,960809,607857,352952,5197467,1817207,3380260
19,344,Paschim Medinipur,Total,DISTRICT,1301610,5913457,3007885,2905572,685012,349031,335981,1128269,570125,558144,880015,439831,440184,4078412,2266913,1811499,2509159,1757358,751801,1510548,1252207,258341,998611,505151,493460,3404298,1250527,2153771
19,345,Purba Medinipur,Total,DISTRICT,1114170,5095875,2629834,2466041,587654,301989,285665,745434,383718,361716,27952,14196,13756,3923194,2149073,1774121,1910320,1516096,394224,1127312,1000203,127109,783008,515893,267115,3185555,1113738,2071817
20,346,Garhwa ,Total,DISTRICT,254697,1322784,683575,639209,239664,122305,117359,319946,165313,154633,205874,104499,101375,653476,405161,248315,571431,335451,235980,175126,135273,39853,396305,200178,196127,751353,348124,403229
20,347,Chatra,Total,DISTRICT,182271,1042886,533935,508951,195321,99312,96009,340553,172668,167885,45563,23141,22422,510061,303902,206159,397690,251213,146477,195502,145553,49949,202188,105660,96528,645196,282722,362474
20,348,Kodarma,Total,DISTRICT,116155,716259,367222,349037,132375,67916,64459,109003,55346,53657,6903,3594,3309,390249,238780,151469,257418,173993,83425,143324,117881,25443,114094,56112,57982,458841,193229,265612
20,349,Giridih,Total,DISTRICT,396521,2445474,1258098,1187376,460251,237056,223195,325493,166447,159046,238188,120646,117542,1253475,783736,469739,1036277,623946,412331,412912,327651,85261,623365,296295,327070,1409197,634152,775045
20,350,Deoghar,Total,DISTRICT,264347,1492073,775022,717051,268453,137658,130795,190036,98295,91741,180962,91012,89950,793538,489837,303701,551467,383691,167776,297146,238224,58922,254321,145467,108854,940606,391331,549275
20,351,Godda,Total,DISTRICT,253648,1313551,677927,635624,241784,123368,118416,115567,59835,55732,279208,138510,140698,604519,376212,228307,552191,344019,208172,235735,182438,53297,316456,161581,154875,761360,333908,427452
20,352,Sahibganj,Total,DISTRICT,227023,1150567,589391,561176,221955,113220,108735,72341,37317,35024,308343,153435,154908,483263,287303,195960,490202,295690,194512,322572,226729,95843,167630,68961,98669,660365,293701,366664
20,353,Pakur,Total,DISTRICT,182317,900422,452661,447761,177623,89935,87688,28469,14352,14117,379054,186967,192087,352881,206989,145892,404584,234012,170572,252017,167872,84145,152567,66140,86427,495838,218649,277189
20,354,Dhanbad,Total,DISTRICT,507064,2684487,1405956,1278531,373394,194879,178515,437309,226362,210947,233119,117256,115863,1722204,1014950,707254,844504,658851,185653,546714,476848,69866,297790,182003,115787,1839983,747105,1092878
20,355,Bokaro,Total,DISTRICT,394918,2062330,1072807,989523,293786,152803,140983,299227,154297,144930,255626,129233,126393,1273520,759088,514432,685368,507677,177691,380304,327840,52464,305064,179837,125227,1376962,565130,811832
20,356,Lohardaga,Total,DISTRICT,88638,461790,232629,229161,77649,39412,38237,15330,7862,7468,262734,130814,131920,259707,149568,110139,221332,121605,99727,103001,71000,32001,118331,50605,67726,240458,111024,129434
20,357,Purbi Singhbhum,Total,DISTRICT,476931,2293919,1176902,1117017,296626,154229,142397,111414,56147,55267,653923,325989,327934,1507699,856526,651173,837167,616249,220918,529578,445404,84174,307589,170845,136744,1456752,560653,896099
20,358,Palamu,Total,DISTRICT,358754,1939869,1006302,933567,329728,169543,160185,536382,277119,259263,181208,92577,88631,1024563,621706,402857,713175,473042,240133,283702,225344,58358,429473,247698,181775,1226694,533260,693434
20,359,Latehar,Total,DISTRICT,133381,726978,369666,357312,137699,69971,67728,154910,78266,76644,331096,166427,164669,350682,209706,140976,313379,180106,133273,117311,82884,34427,196068,97222,98846,413599,189560,224039
20,360,Hazaribagh,Total,DISTRICT,304749,1734495,890881,843614,281863,145821,136042,303515,155013,148502,121768,60796,60972,1013249,596113,417136,654636,423472,231164,327316,261999,65317,327320,161473,165847,1079859,467409,612450
20,361,Ramgarh,Total,DISTRICT,179375,949443,494230,455213,134226,69661,64565,106356,54986,51370,201166,101901,99265,596497,350031,246466,312125,234202,77923,221112,183137,37975,91013,51065,39948,637318,260028,377290
20,362,Dumka,Total,DISTRICT,275019,1321442,668514,652928,219449,111641,107808,79614,40802,38812,571077,282125,288952,672409,406275,266134,624779,367108,257671,237479,171817,65662,387300,195291,192009,696663,301406,395257
20,363,Jamtara,Total,DISTRICT,155275,791042,404830,386212,130993,67051,63942,72885,37212,35673,240489,120035,120454,426312,258260,168052,326631,214740,111891,122434,96117,26317,204197,118623,85574,464411,190090,274321
20,364,Ranchi,Total,DISTRICT,569444,2914253,1494937,1419316,401214,207029,194185,152943,78613,74330,1042016,520582,521434,1911433,1085244,826189,1142867,743967,398900,756176,553949,202227,386691,190018,196673,1771386,750970,1020416
20,365,Khunti,Total,DISTRICT,103700,531885,266335,265550,86292,43947,42345,24037,12223,11814,389626,193710,195916,284575,164741,119834,259984,141123,118861,153087,93812,59275,106897,47311,59586,271901,125212,146689
20,366,Gumla,Total,DISTRICT,188988,1025213,514390,510823,173647,88472,85175,32459,16446,16013,706754,352514,354240,559720,321795,237925,487508,264774,222734,278931,176067,102864,208577,88707,119870,537705,249616,288089
20,367,Simdega,Total,DISTRICT,118288,599578,300309,299269,94414,47962,46452,44674,22150,22524,424407,211546,212861,343483,191991,151492,288645,159867,128778,155510,105703,49807,133135,54164,78971,310933,140442,170491
20,368,Pashchimi Singhbhum,Total,DISTRICT,302046,1502338,749385,752953,261493,131836,129657,56986,28144,28842,1011296,500949,510347,727561,439273,288288,694863,392690,302173,343008,239844,103164,351855,152846,199009,807475,356695,450780
20,369,Saraikela-Kharsawan,Total,DISTRICT,221232,1065056,544411,520645,159596,82120,77476,56195,28243,27952,374642,187149,187493,612993,365332,247661,430051,283281,146770,228598,181056,47542,201453,102225,99228,635005,261130,373875
21,370,Bargarh,Total,DISTRICT,370308,1481255,749161,732094,162922,83267,79655,298780,150420,148360,281135,140542,140593,983783,557217,426566,762092,473305,288787,474390,372806,101584,287702,100499,187203,719163,275856,443307
21,371,Jharsuguda,Total,DISTRICT,136061,579505,296690,282815,64794,33341,31453,104620,52580,52040,176758,88273,88485,405879,228092,177787,247707,172018,75689,172069,137683,34386,75638,34335,41303,331798,124672,207126
21,372,Sambalpur,Total,DISTRICT,249597,1041099,526877,514222,117848,60744,57104,191827,96511,95316,355261,177565,177696,703691,393192,310499,505840,313161,192679,336854,242724,94130,168986,70437,98549,535259,213716,321543
21,373,Debagarh,Total,DISTRICT,75452,312520,158230,154290,39917,20718,19199,52112,26343,25769,110400,55126,55274,197819,112649,85170,165435,92384,73051,83408,59636,23772,82027,32748,49279,147085,65846,81239
21,374,Sundargarh,Total,DISTRICT,479109,2093437,1061147,1032290,263160,135204,127956,191660,96465,95195,1062349,526856,535493,1342322,750147,592175,873227,584687,288540,535112,430698,104414,338115,153989,184126,1220210,476460,743750
21,375,Kendujhar,Total,DISTRICT,405272,1801733,906487,895246,259403,131885,127518,209357,104684,104673,818878,405927,412951,1052518,605119,447399,766514,498077,268437,442497,362695,79802,324017,135382,188635,1035219,408410,626809
21,376,Mayurbhanj,Total,DISTRICT,586253,2519738,1256213,1263525,351834,179536,172298,184682,92127,92555,1479576,730487,749089,1369397,794171,575226,1223534,697782,525752,548390,407902,140488,675144,289880,385264,1296204,558431,737773
21,377,Baleshwar,Total,DISTRICT,533001,2320529,1185787,1134742,288672,148565,140107,478586,243597,234989,275678,137748,137930,1621232,902359,718873,932707,684020,248687,618064,540777,77287,314643,143243,171400,1387822,501767,886055
21,378,Bhadrak,Total,DISTRICT,306333,1506337,760260,746077,184560,95048,89512,334896,168687,166209,30428,15361,15067,1094140,596269,497871,468599,409559,59040,328097,302986,25111,140502,106573,33929,1037738,350701,687037
21,379,Kendrapara ,Total,DISTRICT,321934,1440361,717814,722547,161159,83654,77505,309780,155531,154249,9484,4748,4736,1089265,579970,509295,466890,386382,80508,322265,295890,26375,144625,90492,54133,973471,331432,642039
21,380,Jagatsinghapur ,Total,DISTRICT,261307,1136971,577865,559106,110249,57155,53094,248152,125184,122968,7862,4226,3636,889027,481049,407978,403649,325589,78060,290170,256080,34090,113479,69509,43970,733322,252276,481046
21,381,Cuttack,Total,DISTRICT,579170,2624470,1352760,1271710,271816,142037,129779,498633,254456,244177,93745,47437,46308,2011469,1103033,908436,936365,761876,174489,696274,615670,80604,240091,146206,93885,1688105,590884,1097221
21,382,Jajapur  ,Total,DISTRICT,407851,1827192,926034,901158,216804,112558,104246,433387,220553,212834,151432,76048,75384,1290455,706396,584059,552234,486091,66143,407564,375457,32107,144670,110634,34036,1274958,439943,835015
21,383,Dhenkanal,Total,DISTRICT,279364,1192811,612593,580218,139096,74093,65003,234079,118755,115324,162056,80878,81178,829910,464093,365817,435533,340552,94981,277338,245235,32103,158195,95317,62878,757278,272041,485237
21,384,Anugul  ,Total,DISTRICT,297050,1273821,655718,618103,152403,80666,71737,239552,121459,118093,179603,89980,89623,869456,494425,375031,526520,360947,165573,317547,257720,59827,208973,103227,105746,747301,294771,452530
21,385,Nayagarh  ,Total,DISTRICT,228315,962789,502636,460153,106871,57599,49272,136399,69813,66586,58691,29173,29518,688362,392333,296029,343633,284591,59042,229076,207430,21646,114557,77161,37396,619156,218045,401111
21,386,Khordha ,Total,DISTRICT,494212,2251673,1167137,1084536,237394,123879,113515,297472,151528,145944,115051,59094,55957,1749936,957515,792421,792193,645880,146313,632625,543178,89447,159568,102702,56866,1459480,521257,938223
21,387,Puri,Total,DISTRICT,367269,1698730,865380,833350,172888,89496,83392,325133,164366,160767,6129,3240,2889,1291939,704857,587082,621676,498461,123215,450536,399235,51301,171140,99226,71914,1077054,366919,710135
21,388,Ganjam,Total,DISTRICT,758267,3529031,1779218,1749813,420158,220159,199999,688235,342111,346124,118928,59172,59756,2210050,1262652,947398,1501772,990027,511745,900744,718163,182581,601028,271864,329164,2027259,789191,1238068
21,389,Gajapati,Total,DISTRICT,128523,577817,282882,294935,86984,44212,42772,39175,19037,20138,313714,151902,161812,262537,153663,108874,293933,155907,138026,170371,111464,58907,123562,44443,79119,283884,126975,156909
21,390,Kandhamal,Total,DISTRICT,172022,733110,359945,373165,109709,55915,53794,115544,56987,58557,392820,190506,202314,399786,233900,165886,355349,193515,161834,167112,123078,44034,188237,70437,117800,377761,166430,211331
21,391,Baudh,Total,DISTRICT,106961,441162,221625,219537,61847,31260,30587,104934,52497,52437,55364,27362,28002,271612,158648,112964,219457,125627,93830,123724,92432,31292,95733,33195,62538,221705,95998,125707
21,392,Subarnapur,Total,DISTRICT,151136,610183,311312,298871,74821,38335,36486,156219,79725,76494,57192,28794,28398,398421,230393,168028,286661,181595,105066,170218,136043,34175,116443,45552,70891,323522,129717,193805
21,393,Balangir,Total,DISTRICT,414749,1648997,830097,818900,216320,110658,105662,294777,148356,146421,347164,172489,174675,927260,545672,381588,720601,469956,250645,402227,332355,69872,318374,137601,180773,928396,360141,568255
21,394,Nuapada,Total,DISTRICT,152210,610382,301962,308420,88344,44600,43744,82159,40742,41417,206327,100469,105858,299383,180903,118480,305438,168155,137283,151694,116827,34867,153744,51328,102416,304944,133807,171137
21,395,Kalahandi,Total,DISTRICT,401251,1576869,787101,789768,222570,113726,108844,286580,142133,144447,449456,221171,228285,802036,484177,317859,751930,447290,304640,376757,299835,76922,375173,147455,227718,824939,339811,485128
21,396,Rayagada  ,Total,DISTRICT,226144,967911,471960,495951,148522,75598,72924,139514,68068,71446,541905,259040,282865,407735,241959,165776,467122,258032,209090,227815,164965,62850,239307,93067,146240,500789,213928,286861
21,397,Nabarangapur ,Total,DISTRICT,273423,1220946,604812,616134,207911,104077,103834,177384,88252,89132,681173,335028,346145,470379,286984,183395,610906,342641,268265,279115,227544,51571,331791,115097,216694,610040,262171,347869
21,398,Koraput,Total,DISTRICT,337677,1379647,678809,700838,225126,113742,111384,196540,96789,99751,697583,337373,360210,568090,340843,227247,693406,384053,309353,396460,286001,110459,296946,98052,198894,686241,294756,391485
21,399,Malkangiri  ,Total,DISTRICT,137599,613192,303624,309568,109092,54770,54322,138295,70052,68243,354614,171717,182897,244706,147001,97705,310666,170495,140171,179030,131904,47126,131636,38591,93045,302526,133129,169397
22,400,Koriya,Total,DISTRICT,153274,658917,334737,324180,95784,48666,47118,54776,27682,27094,304280,152659,151621,397823,229923,167900,307071,185483,121588,173057,129471,43586,134014,56012,78002,351846,149254,202592
22,401,Surguja,Total,DISTRICT,526049,2359886,1193129,1166757,380445,193952,186493,115652,58281,57371,1300628,652799,647829,1187941,694686,493255,1155807,649888,505919,622589,459988,162601,533218,189900,343318,1204079,543241,660838
22,402,Jashpur ,Total,DISTRICT,192570,851669,424747,426922,122266,61744,60522,48844,24317,24527,530378,262731,267647,495415,280656,214759,487360,263645,223715,291349,199035,92314,196011,64610,131401,364309,161102,203207
22,403,Raigarh,Total,DISTRICT,367962,1493984,750278,743706,195069,100204,94865,224942,112111,112831,505609,250473,255136,951639,542756,408883,690167,429211,260956,484875,354032,130843,205292,75179,130113,803817,321067,482750
22,404,Korba ,Total,DISTRICT,280073,1206640,612915,593725,172016,87487,84529,124679,63446,61233,493559,246323,247236,748759,433391,315368,521186,333329,187857,350314,260251,90063,170872,73078,97794,685454,279586,405868
22,405,Janjgir - Champa,Total,DISTRICT,364532,1619707,815717,803990,224218,114957,109261,397908,199633,198275,187196,93186,94010,1019634,593679,425955,846466,478278,368188,461887,318536,143351,384579,159742,224837,773241,337439,435802
22,406,Bilaspur,Total,DISTRICT,600822,2663629,1351574,1312055,407835,207995,199840,552992,281221,271771,498469,248172,250297,1596560,932474,664086,1203197,715467,487730,826568,558289,268279,376629,157178,219451,1460432,636107,824325
22,407,Kabeerdham,Total,DISTRICT,178446,822526,412058,410468,141904,71571,70333,119798,60154,59644,167043,82597,84446,414167,248503,165664,404156,217073,187083,316976,183042,133934,87180,34031,53149,418370,194985,223385
22,408,Rajnandgaon,Total,DISTRICT,318488,1537133,762855,774278,209575,105508,104067,156623,76979,79644,405194,198032,207162,1008379,561355,447024,800092,436611,363481,595959,358946,237013,204133,77665,126468,737041,326244,410797
22,409,Durg,Total,DISTRICT,701707,3343872,1682101,1661771,430536,219341,211195,458040,229067,228973,397416,196008,201408,2303378,1284612,1018766,1496805,921729,575076,1206793,803118,403675,290012,118611,171401,1847067,760372,1086695
22,410,Raipur,Total,DISTRICT,871225,4063872,2048186,2015686,583382,296441,286941,724250,362284,361966,476446,235271,241175,2629749,1493158,1136591,1757664,1099964,657700,1259138,879956,379182,498526,220008,278518,2306208,948222,1357986
22,411,Mahasamund,Total,DISTRICT,248561,1032754,511967,520787,134448,68207,66241,139581,68968,70613,279896,137339,142557,637963,364089,273874,499260,291858,207402,340802,230609,110193,158458,61249,97209,533494,220109,313385
22,412,Dhamtari ,Total,DISTRICT,170951,799781,397897,401884,101909,51652,50257,58581,28887,29694,207633,102058,105575,546833,303924,242909,402895,226382,176513,335368,202027,133341,67527,24355,43172,396886,171515,225371
22,413,Uttar Bastar Kanker,Total,DISTRICT,160937,748941,373338,375603,100099,50598,49501,31543,15582,15961,414770,203934,210836,456042,258298,197744,389359,217513,171846,285536,179902,105634,103823,37611,66212,359582,155825,203757
22,414,Bastar,Total,DISTRICT,311538,1413199,698487,714712,216713,108662,108051,37963,18815,19148,931780,456841,474939,650863,382335,268528,726531,404364,322167,394824,287983,106841,331707,116381,215326,686668,294123,392545
22,415,Narayanpur,Total,DISTRICT,27982,139820,70104,69716,23358,11744,11614,4979,2518,2461,108161,53518,54643,56621,33449,23172,71089,38186,32903,42056,27787,14269,29033,10399,18634,68731,31918,36813
22,416,Dakshin Bastar Dantewada,Total,DISTRICT,120850,533638,264142,269496,79637,39718,39919,12996,6648,6348,410255,199731,210524,191237,116529,74708,286595,153294,133301,184285,119699,64586,102310,33595,68715,247043,110848,136195
22,417,Bijapur,Total,DISTRICT,54757,255230,128663,126567,42495,21488,21007,10122,5145,4977,204189,101519,102670,86919,54076,32843,134525,71591,62934,69338,44783,24555,65187,26808,38379,120705,57072,63633
23,418,Sheopur ,Total,DISTRICT,146043,687861,361784,326077,116639,61490,55149,108391,57838,50553,161448,82637,78811,328025,208201,119824,277455,183788,93667,196189,153183,43006,81266,30605,50661,410406,177996,232410
23,419,Morena,Total,DISTRICT,362646,1965970,1068417,897553,305156,166858,138298,421519,228548,192971,17030,8947,8083,1179685,747652,432033,675993,525329,150664,520970,448528,72442,155023,76801,78222,1289977,543088,746889
23,420,Bhind,Total,DISTRICT,299233,1703005,926843,776162,248230,134705,113525,374799,204212,170587,6131,3283,2848,1094917,676513,418404,520768,455775,64993,422111,387993,34118,98657,67782,30875,1182237,471068,711169
23,421,Gwalior,Total,DISTRICT,383845,2032036,1090327,941709,261418,142098,119320,393068,210354,182714,72133,37704,34429,1357210,803114,554096,685311,548820,136491,559845,479461,80384,125466,69359,56107,1346725,541507,805218
23,422,Datia,Total,DISTRICT,160215,786754,420157,366597,110114,59335,50779,200270,107132,93138,15061,7870,7191,491445,303815,187630,321160,225662,95498,247229,198191,49038,73931,27471,46460,465594,194495,271099
23,423,Shivpuri,Total,DISTRICT,359969,1726050,919795,806255,285770,150950,134820,321515,171565,149950,227802,117111,110691,900846,573242,327604,759281,481001,278280,577723,414527,163196,181558,66474,115084,966769,438794,527975
23,424,Tikamgarh,Total,DISTRICT,296116,1445166,760355,684811,227564,120303,107261,361604,190666,170938,67857,34923,32934,747940,459353,288587,655318,402776,252542,470432,335876,134556,184886,66900,117986,789848,357579,432269
23,425,Chhatarpur,Total,DISTRICT,356297,1762375,936121,826254,282794,148861,133933,405313,215258,190055,73597,38081,35516,943033,572010,371023,751797,481518,270279,553862,403408,150454,197935,78110,119825,1010578,454603,555975
23,426,Panna,Total,DISTRICT,228709,1016520,533480,483040,163620,85494,78126,207990,109421,98569,170879,87697,83182,552559,332140,220419,431998,275375,156623,276633,205293,71340,155365,70082,85283,584522,258105,326417
23,427,Sagar,Total,DISTRICT,517850,2378458,1256257,1122201,356903,185400,171503,501630,266306,235324,221936,114771,107165,1545719,908607,637112,1006035,682077,323958,779093,585116,193977,226942,96961,129981,1372423,574180,798243
23,428,Damoh,Total,DISTRICT,297608,1264219,661873,602346,191968,99544,92424,246337,129877,116460,166295,84809,81486,747715,445737,301978,574595,367711,206884,389993,286957,103036,184602,80754,103848,689624,294162,395462
23,429,Satna,Total,DISTRICT,478741,2228935,1157495,1071440,330661,173093,157568,398569,205987,192582,319975,163166,156809,1371781,801051,570730,911349,590487,320862,612510,451772,160738,298839,138715,160124,1317586,567008,750578
23,430,Rewa,Total,DISTRICT,526065,2365106,1225100,1140006,351983,186697,165286,383508,198144,185364,311985,161696,150289,1441757,845572,596185,991946,617184,374762,630251,448668,181583,361695,168516,193179,1373160,607916,765244
23,431,Umaria,Total,DISTRICT,145024,644758,330674,314084,103414,53237,50177,58147,29902,28245,300687,151988,148699,356672,210907,145765,289691,175698,113993,138600,101257,37343,151091,74441,76650,355067,154976,200091
23,432,Neemuch ,Total,DISTRICT,179746,826067,422653,403414,107384,55724,51660,111162,56400,54762,71441,36738,34703,508834,307889,200945,418682,245708,172974,358500,223764,134736,60182,21944,38238,407385,176945,230440
23,433,Mandsaur,Total,DISTRICT,286808,1340411,682851,657560,177659,92188,85471,249024,126822,122202,33092,17023,16069,834591,502898,331693,679723,397714,282009,535066,352137,182929,144657,45577,99080,660688,285137,375551
23,434,Ratlam,Total,DISTRICT,296683,1455069,738241,716828,218354,112637,105717,198612,100629,97983,409865,206290,203575,825880,485090,340790,690980,411446,279534,471139,320563,150576,219841,90883,128958,764089,326795,437294
23,435,Ujjain,Total,DISTRICT,391438,1986864,1016289,970575,271306,140597,130709,523869,267235,256634,48730,24925,23805,1240990,730817,510173,897442,569425,328017,682115,485641,196474,215327,83784,131543,1089422,446864,642558
23,436,Shajapur,Total,DISTRICT,300025,1512681,780520,732161,217759,113404,104355,353914,182961,170953,37836,19416,18420,894612,543509,351103,717871,431857,286014,508833,363707,145126,209038,68150,140888,794810,348663,446147
23,437,Dewas,Total,DISTRICT,308871,1563715,805359,758356,229339,119566,109773,292007,150260,141747,272701,139174,133527,925369,550716,374653,742676,451501,291175,528526,382531,145995,214150,68970,145180,821039,353858,467181
23,438,Dhar,Total,DISTRICT,425914,2185793,1112725,1073068,359949,186684,173265,145436,74291,71145,1222814,614619,608195,1077338,638479,438859,1027974,597079,430895,783019,501438,281581,244955,95641,149314,1157819,515646,642173
23,439,Indore,Total,DISTRICT,649540,3276697,1699627,1577070,421380,221612,199768,545239,280184,265055,217679,112687,104992,2309130,1289631,1019499,1268195,939055,329140,1137251,878391,258860,130944,60664,70280,2008502,760572,1247930
23,440,Khargone (West Nimar),Total,DISTRICT,367988,1873046,953121,919925,299990,154758,145232,209091,107013,102078,730169,366827,363342,986234,575428,410806,894119,518254,375865,756735,466922,289813,137384,51332,86052,978927,434867,544060
23,441,Barwani ,Total,DISTRICT,243277,1385881,699340,686541,265299,136212,129087,87991,44478,43513,962145,482182,479963,549926,313642,236284,653897,365928,287969,525791,321855,203936,128106,44073,84033,731984,333412,398572
23,442,Rajgarh,Total,DISTRICT,345297,1545814,790212,755602,231987,120815,111172,295718,151260,144458,53751,27477,26274,804245,488797,315448,745603,429768,315835,471773,331533,140240,273830,98235,175595,800211,360444,439767
23,443,Vidisha,Total,DISTRICT,299676,1458875,769568,689307,235391,122200,113191,292144,154504,137640,67603,34993,32610,862918,512344,350574,550402,401583,148819,397283,329342,67941,153119,72241,80878,908473,367985,540488
23,444,Bhopal,Total,DISTRICT,501805,2371061,1236130,1134931,304713,158721,145992,357516,185902,171614,69429,35966,33463,1660690,920314,740376,867457,644960,222497,706036,559122,146914,161421,85838,75583,1503604,591170,912434
23,445,Sehore,Total,DISTRICT,257311,1311332,683743,627589,197429,103240,94189,271281,141366,129915,145512,74391,71121,780362,469208,311154,586087,364559,221528,372150,287341,84809,213937,77218,136719,725245,319184,406061
23,446,Raisen,Total,DISTRICT,278895,1331597,700358,631239,207699,107499,100200,225891,119226,106665,205006,105627,99379,820220,479093,341127,517838,370366,147472,370241,301008,69233,147597,69358,78239,813759,329992,483767
23,447,Betul,Total,DISTRICT,329832,1575362,799236,776126,211433,108034,103399,159296,81621,77675,667018,333166,333852,939769,529783,409986,786980,453887,333093,511287,345729,165558,275693,108158,167535,788382,345349,443033
23,448,Harda ,Total,DISTRICT,113379,570465,294838,275627,84191,43667,40524,92865,48553,44312,159678,81446,78232,352550,203807,148743,230979,156852,74127,163781,127309,36472,67198,29543,37655,339486,137986,201500
23,449,Hoshangabad,Total,DISTRICT,257199,1241350,648725,592625,164602,85781,78821,205007,107237,97770,197300,101041,96259,810644,469199,341445,478082,345435,132647,361648,289812,71836,116434,55623,60811,763268,303290,459978
23,450,Katni ,Total,DISTRICT,289551,1292042,662013,630029,193395,99761,93634,155717,79369,76348,317699,159799,157900,790773,460583,330190,543874,348410,195464,316144,235991,80153,227730,112419,115311,748168,313603,434565
23,451,Jabalpur,Total,DISTRICT,539060,2463289,1277278,1186011,296565,154210,142355,348029,179858,168171,375231,189915,185316,1756468,980307,776161,1005624,705970,299654,744287,564532,179755,261337,141438,119899,1457665,571308,886357
23,452,Narsimhapur,Total,DISTRICT,250286,1091854,568810,523044,142250,74445,67805,184155,96079,88076,145879,74127,71752,718785,413491,305294,477818,323464,154354,358203,267439,90764,119615,56025,63590,614036,245346,368690
23,453,Dindori ,Total,DISTRICT,169630,704524,351913,352611,111820,56767,55053,39782,20366,19416,455789,225699,230090,378714,222759,155955,389925,203383,186542,250137,142645,107492,139788,60738,79050,314599,148530,166069
23,454,Mandla,Total,DISTRICT,250146,1054905,525272,529633,150263,76288,73975,48425,24652,23773,610528,299918,310610,604962,348033,256929,559649,300235,259414,325159,196325,128834,234490,103910,130580,495256,225037,270219
23,455,Chhindwara,Total,DISTRICT,443361,2090922,1064468,1026454,272289,139220,133069,232244,118465,113779,769778,385785,383993,1294198,731294,562904,957984,582263,375721,673845,464437,209408,284139,117826,166313,1132938,482205,650733
23,456,Seoni,Total,DISTRICT,314767,1379131,695879,683252,180784,92567,88217,130797,66830,63967,519856,258121,261735,864194,485341,378853,684434,394660,289774,397575,270675,126900,286859,123985,162874,694697,301219,393478
23,457,Balaghat,Total,DISTRICT,391836,1701698,842178,859520,212931,108278,104653,125426,61576,63850,383026,186979,196047,1147623,626468,521155,893014,488610,404404,530506,338314,192192,362508,150296,212212,808684,353568,455116
23,458,Guna,Total,DISTRICT,244401,1241519,649362,592157,207177,108473,98704,193115,100646,92469,190819,98206,92613,653980,400537,253443,514897,335454,179443,353671,276196,77475,161226,59258,101968,726622,313908,412714
23,459,Ashoknagar,Total,DISTRICT,172680,845071,443837,401234,138787,72239,66548,175764,92216,83548,82072,42447,39625,469109,290304,178805,315270,231829,83441,241288,199418,41870,73982,32411,41571,529801,212008,317793
23,460,Shahdol,Total,DISTRICT,251452,1066063,540021,526042,159806,81943,77863,89733,45547,44186,476008,236947,239061,604194,348761,255433,493057,292402,200655,240811,170300,70511,252246,122102,130144,573006,247619,325387
23,461,Anuppur,Total,DISTRICT,170715,749237,379114,370123,106071,54388,51683,74385,37841,36544,358543,177977,180566,436595,254120,182475,346471,207401,139070,227040,154768,72272,119431,52633,66798,402766,171713,231053
23,462,Sidhi,Total,DISTRICT,238448,1127033,575912,551121,194528,101633,92895,130202,66174,64028,313304,159192,154112,600785,353030,247755,461760,284289,177471,275482,194774,80708,186278,89515,96763,665273,291623,373650
23,463,Singrauli,Total,DISTRICT,243925,1178273,613637,564636,209792,109094,100698,150664,77882,72782,383994,196133,187861,585054,359923,225131,499439,304234,195205,348393,242234,106159,151046,62000,89046,678834,309403,369431
23,464,Jhabua,Total,DISTRICT,194157,1025048,515023,510025,211869,109040,102829,17427,8770,8657,891818,446359,445459,352081,214582,137499,515121,265489,249632,370641,211155,159486,144480,54334,90146,509927,249534,260393
23,465,Alirajpur,Total,DISTRICT,123800,728999,362542,366457,147961,74818,73143,26877,13481,13396,648638,321842,326796,209754,120905,88849,366797,188698,178099,265029,152147,112882,101768,36551,65217,362202,173844,188358
23,466,Khandwa (East Nimar),Total,DISTRICT,266655,1310061,674329,635732,208140,107730,100410,156601,80697,75904,459122,234867,224255,731615,432259,299356,612976,369676,243300,492393,323266,169127,120583,46410,74173,697085,304653,392432
23,467,Burhanpur,Total,DISTRICT,146341,757847,388504,369343,122869,63874,58995,64254,33037,31217,230095,116420,113675,408679,233073,175606,328339,211925,116414,274900,189074,85826,53439,22851,30588,429508,176579,252929
24,468,Kachchh,Total,DISTRICT,445672,2092371,1096737,995634,318412,165739,152673,258859,133224,125635,24228,12825,11403,1252319,739239,513080,776228,624704,151524,686937,591369,95568,89291,33335,55956,1316143,472033,844110
24,469,Banas Kantha,Total,DISTRICT,560411,3120506,1610379,1510127,510310,268858,241452,327460,169288,158172,284155,144355,139800,1704923,1048402,656521,1248600,836268,412332,1012080,779716,232364,236520,56552,179968,1871906,774111,1097795
24,470,Patan  ,Total,DISTRICT,267633,1343734,694397,649337,184779,97762,87017,123408,64190,59218,13303,6835,6468,837913,494631,343282,554830,383074,171756,446240,353815,92425,108590,29259,79331,788904,311323,477581
24,471,Mahesana,Total,DISTRICT,424479,2035064,1056520,978544,237932,129169,108763,162288,84470,77818,9392,4879,4513,1502645,847499,655146,812064,588699,223365,698768,552121,146647,113296,36578,76718,1223000,467821,755179
24,472,Sabar Kantha,Total,DISTRICT,481414,2428589,1244231,1184358,345490,181529,163961,187685,96527,91158,542156,272531,269625,1578734,918625,660109,1084878,681435,403443,795096,598804,196292,289782,82631,207151,1343711,562796,780915
24,473,Gandhinagar,Total,DISTRICT,289990,1391753,723864,667889,167377,90604,76773,108608,56919,51689,18204,9711,8493,1030494,582686,447808,534976,408075,126901,451951,372747,79204,83025,35328,47697,856777,315789,540988
24,474,Ahmadabad,Total,DISTRICT,1510134,7214225,3788051,3426174,842518,453790,388728,759483,399075,360408,89138,47106,42032,5435760,3025463,2410297,2594952,2127547,467405,2332409,2005714,326695,262543,121833,140710,4619273,1660504,2958769
24,475,Surendranagar,Total,DISTRICT,343213,1756268,909917,846351,240011,126572,113439,179461,93427,86034,21453,11068,10385,1093626,643221,450405,723500,504038,219462,586364,470081,116283,137136,33957,103179,1032768,405879,626889
24,476,Rajkot,Total,DISTRICT,786586,3804558,1974445,1830113,438580,235534,203046,290169,149782,140387,24017,12504,11513,2725056,1514075,1210981,1479050,1159480,319570,1324783,1106368,218415,154267,53112,101155,2325508,814965,1510543
24,477,Jamnagar,Total,DISTRICT,430941,2160119,1114192,1045927,263972,138608,125364,173895,89597,84298,24187,12415,11772,1396534,795140,601394,847440,646822,200618,721253,604615,116638,126187,42207,83980,1312679,467370,845309
24,478,Porbandar ,Total,DISTRICT,124556,585449,300209,285240,65926,34648,31278,51830,26607,25223,13039,6730,6309,393678,221621,172057,231169,174118,57051,195437,160952,34485,35732,13166,22566,354280,126091,228189
24,479,Junagadh,Total,DISTRICT,527326,2743082,1404356,1338726,311930,163535,148395,265793,136319,129474,55571,28463,27108,1842818,1046981,795837,1123709,801859,321850,942709,756431,186278,181000,45428,135572,1619373,602497,1016876
24,480,Amreli,Total,DISTRICT,294837,1514190,771049,743141,173555,92047,81508,132915,68518,64397,7322,3856,3466,995459,558180,437279,657139,453642,203497,529153,425753,103400,127986,27889,100097,857051,317407,539644
24,481,Bhavnagar,Total,DISTRICT,538605,2880365,1490201,1390164,381470,201720,179750,157034,80827,76207,9110,4751,4359,1887255,1087371,799884,1150632,838781,311851,992140,790944,201196,158492,47837,110655,1729733,651420,1078313
24,482,Anand  ,Total,DISTRICT,427605,2092745,1087224,1005521,254008,134827,119181,104465,54476,49989,24824,12761,12063,1551253,874481,676772,844794,627561,217233,690031,570226,119805,154763,57335,97428,1247951,459663,788288
24,483,Kheda,Total,DISTRICT,466856,2299885,1185727,1114158,291133,153591,137542,115631,59734,55897,40336,21057,19279,1660243,942480,717763,933983,674586,259397,722134,593568,128566,211849,81018,130831,1365902,511141,854761
24,484,Panch Mahals,Total,DISTRICT,446611,2390776,1226961,1163815,361311,186998,174313,100446,51278,49168,721604,368348,353256,1440805,858054,582751,1097507,673565,423942,685141,561301,123840,412366,112264,300102,1293269,553396,739873
24,485,Dohad  ,Total,DISTRICT,334272,2127086,1068651,1058435,414798,212968,201830,41444,20680,20764,1580850,793305,787545,1007171,599035,408136,999124,540881,458243,553395,416295,137100,445729,124586,321143,1127962,527770,600192
24,486,Vadodara,Total,DISTRICT,877106,4165626,2153736,2011890,499811,263506,236305,221629,114602,107027,1149901,586665,563236,2893080,1614087,1278993,1693473,1233312,460161,1360660,1121791,238869,332813,111521,221292,2472153,920424,1551729
24,487,Narmada,Total,DISTRICT,122174,590297,301086,289211,78123,40250,37873,8733,4465,4268,481392,244524,236868,370336,211767,158569,294795,174282,120513,193916,141516,52400,100879,32766,68113,295502,126804,168698
24,488,Bharuch,Total,DISTRICT,333483,1551019,805707,745312,179103,93265,85838,62235,31979,30256,488194,250398,237796,1118276,623047,495229,627124,468919,158205,526541,423884,102657,100583,45035,55548,923895,336788,587107
24,489,The Dangs,Total,DISTRICT,44699,228291,113821,114470,40743,20743,20000,992,490,502,216073,107539,108534,140968,77314,63654,118257,61329,56928,88038,53926,34112,30219,7403,22816,110034,52492,57542
24,490,Navsari  ,Total,DISTRICT,295131,1329672,678165,651507,135170,70298,64872,35464,17959,17505,639659,319740,319919,1001909,539471,462438,591834,407881,183953,510004,375375,134629,81830,32506,49324,737838,270284,467554
24,491,Valsad,Total,DISTRICT,364403,1705678,887222,818456,215439,111889,103550,38237,19557,18680,902794,450976,451818,1170657,655528,515129,743245,516188,227057,577327,450394,126933,165918,65794,100124,962433,371034,591399
24,492,Surat,Total,DISTRICT,1333200,6081322,3402224,2679098,736286,401315,334971,158115,82202,75913,856952,432089,424863,4571410,2687468,1883942,2553542,2142819,410723,2405288,2075920,329368,148254,66899,81355,3527780,1259405,2268375
24,493,Tapi,Total,DISTRICT,177091,807022,402188,404834,89075,45619,43456,8168,4139,4029,679320,335958,343362,490036,269007,221029,450902,251049,199853,337579,214069,123510,113323,36980,76343,356120,151139,204981
25,494,Diu,Total,DISTRICT,10580,52074,25642,26432,6476,3357,3119,1862,927,935,123,69,54,38058,20327,17731,15750,12932,2818,14718,12659,2059,1032,273,759,36324,12710,23614
25,495,Daman,Total,DISTRICT,50376,191173,124659,66514,20458,10787,9671,4262,2224,2038,15240,7702,7538,150348,104316,46032,105521,94502,11019,101717,91955,9762,3804,2547,1257,85652,30157,55495
26,496,Dadra & Nagar Haveli,Total,DISTRICT,76458,343709,193760,149949,50895,26431,24464,6186,3339,2847,178564,88844,89720,223230,142521,80709,157161,119293,37868,130299,109125,21174,26862,10168,16694,186548,74467,112081
27,497,Nandurbar,Total,DISTRICT,323521,1648295,833170,815125,240222,123582,116640,47985,24273,23712,1141933,568026,573907,906509,512099,394410,792065,442898,349167,664193,395928,268265,127872,46970,80902,856230,390272,465958
27,498,Dhule,Total,DISTRICT,408874,2050862,1054031,996831,273507,144121,129386,127571,65068,62503,647315,327034,320281,1293916,723388,570528,936370,570448,365922,825875,526267,299608,110495,44181,66314,1114492,483583,630909
27,499,Jalgaon,Total,DISTRICT,903643,4229917,2197365,2032552,532005,288827,243178,389273,199427,189846,604367,310150,294217,2891882,1629223,1262659,1863571,1186472,677099,1643955,1082936,561019,219616,103536,116080,2366346,1010893,1355453
27,500,Buldana,Total,DISTRICT,561504,2586258,1337560,1248698,332125,179072,153053,470895,241445,229450,124837,64153,60684,1879874,1048892,830982,1219641,734024,485617,1107542,682638,424904,112099,51386,60713,1366617,603536,763081
27,501,Akola,Total,DISTRICT,395690,1813906,932334,881572,211080,110372,100708,364059,186244,177815,100280,51359,48921,1411281,758977,652304,768154,520362,247792,691025,480913,210112,77129,39449,37680,1045752,411972,633780
27,502,Washim,Total,DISTRICT,259464,1197160,620302,576858,152190,81686,70504,229462,117867,111595,80471,41403,39068,869917,487703,382214,569792,340353,229439,502755,309242,193513,67037,31111,35926,627368,279949,347419
27,503,Amravati,Total,DISTRICT,647451,2888445,1480768,1407677,311391,160934,150457,506374,259398,246976,404128,205834,198294,2251875,1207104,1044771,1236322,837577,398745,1061544,753682,307862,174778,83895,90883,1652123,643191,1008932
27,504,Wardha,Total,DISTRICT,309846,1300774,668385,632389,128901,67187,61714,188830,96569,92261,149507,76698,72809,1019458,552617,466841,608235,392316,215919,529623,357852,171771,78612,34464,44148,692539,276069,416470
27,505,Nagpur,Total,DISTRICT,1041544,4653570,2384975,2268595,497087,257438,239649,867713,439205,428508,437571,223566,214005,3673808,1959220,1714588,1868560,1334211,534349,1654778,1224048,430730,213782,110163,103619,2785010,1050764,1734246
27,506,Bhandara,Total,DISTRICT,278076,1200334,605520,594814,126025,64626,61399,200372,100421,99951,88886,44515,44371,899860,488709,411151,597305,345054,252251,413838,263217,150621,183467,81837,101630,603029,260466,342563
27,507,Gondiya,Total,DISTRICT,292369,1322507,661554,660953,140365,71764,68601,175961,87434,88527,214253,105944,108309,1004243,542837,461406,665419,383151,282268,433962,281710,152252,231457,101441,130016,657088,278403,378685
27,508,Gadchiroli,Total,DISTRICT,250435,1072942,541328,531614,120272,61320,58952,120745,61041,59704,415306,207377,207929,708365,395110,313255,584237,323338,260899,392886,239961,152925,191351,83377,107974,488705,217990,270715
27,509,Chandrapur,Total,DISTRICT,536686,2204307,1123834,1080473,231316,118471,112845,348365,176898,171467,389441,196753,192688,1578615,872565,706050,1058172,648565,409607,804433,536752,267681,253739,111813,141926,1146135,475269,670866
27,510,Yavatmal,Total,DISTRICT,646886,2772348,1419965,1352383,330180,171782,158398,328518,167009,161509,514057,260896,253161,2022574,1115980,906594,1355999,815475,540524,1195100,743702,451398,160899,71773,89126,1416349,604490,811859
27,511,Nanded,Total,DISTRICT,665434,3361292,1730075,1631217,459572,240620,218952,640483,328797,311686,281695,143892,137803,2189425,1255222,934203,1493953,925232,568721,1317791,850493,467298,176162,74739,101423,1867339,804843,1062496
27,512,Hingoli,Total,DISTRICT,228868,1177345,606294,571051,165716,88052,77664,182565,93379,89186,111954,57674,54280,790743,450551,340192,569182,330903,238279,514371,308332,206039,54811,22571,32240,608163,275391,332772
27,513,Parbhani,Total,DISTRICT,361130,1836086,942870,893216,257320,136605,120715,247308,125883,121425,40514,20570,19944,1157814,666291,491523,822797,501422,321375,756417,473246,283171,66380,28176,38204,1013289,441448,571841
27,514,Jalna,Total,DISTRICT,391701,1959046,1011473,947573,287338,153642,133696,272266,138957,133309,42263,21988,20275,1195523,699428,496095,930886,545030,385856,844492,508298,336194,86394,36732,49662,1028160,466443,561717
27,515,Aurangabad,Total,DISTRICT,751915,3701282,1924469,1776813,532659,286721,245938,539368,277228,262140,143366,73876,69490,2503837,1430936,1072901,1575079,1015864,559215,1446636,958515,488121,128443,57349,71094,2126203,908605,1217598
27,516,Nashik,Total,DISTRICT,1222887,6107187,3157186,2950001,827935,438050,389885,554687,282213,272474,1564369,792547,771822,4345366,2397538,1947828,2763328,1746286,1017042,2523023,1639881,883142,240305,106405,133900,3343859,1410900,1932959
27,517,Thane,Total,DISTRICT,2529165,11060148,5865078,5195070,1327146,689665,637481,730089,377885,352204,1542451,769192,773259,8227161,4591396,3635765,4492767,3363123,1129644,3930511,3059503,871008,562256,303620,258636,6567381,2501955,4065426
27,518,Mumbai Suburban,Total,DISTRICT,2105604,9356962,5031323,4325639,930884,486696,444188,583302,300291,283011,104560,55033,49527,7575485,4223029,3352456,3735021,2944322,790699,3515922,2811481,704441,219099,132841,86258,5621941,2087001,3534940
27,519,Mumbai,Total,DISTRICT,674339,3085411,1684608,1400803,272886,142566,130320,219934,111564,108370,25093,13488,11605,2509022,1410680,1098342,1284396,1021009,263387,1209334,975508,233826,75062,45501,29561,1801015,663599,1137416
27,520,Raigarh,Total,DISTRICT,611790,2634200,1344345,1289855,300815,155437,145378,134952,67980,66972,305125,153657,151468,1939994,1059692,880302,1072969,753843,319126,858825,641655,217170,214144,112188,101956,1561231,590502,970729
27,521,Pune,Total,DISTRICT,2151503,9429408,4924105,4505303,1104959,586665,518294,1180703,602755,577948,348876,179132,169744,7171723,3940210,3231513,4048993,2809816,1239177,3751221,2658832,1092389,297772,150984,146788,5380415,2114289,3266126
27,522,Ahmadnagar,Total,DISTRICT,930024,4543159,2342825,2200334,556014,300238,255776,573698,291521,282177,378230,191165,187065,3151890,1773355,1378535,2204590,1300309,904281,2039455,1227314,812141,165135,72995,92140,2338569,1042516,1296053
27,523,Bid,Total,DISTRICT,535835,2585049,1349106,1235943,352890,195245,157645,351254,179777,171477,32722,16806,15916,1718507,987185,731322,1255548,727819,527729,1154708,684533,470175,100840,43286,57554,1329501,621287,708214
27,524,Latur,Total,DISTRICT,481572,2454196,1273140,1181056,317811,168237,149574,480913,247918,232995,57488,29872,27616,1650672,932432,718240,1046857,670018,376839,964177,633321,330856,82680,36697,45983,1407339,603122,804217
27,525,Osmanabad,Total,DISTRICT,351281,1657576,861535,796041,207096,110919,96177,265184,136354,128830,36039,18569,17470,1137810,644304,493506,773916,473795,300121,701894,441657,260237,72022,32138,39884,883660,387740,495920
27,526,Solapur,Total,DISTRICT,873167,4317756,2227852,2089904,538453,285879,252574,649745,331960,317785,77592,39785,37807,2910676,1651266,1259410,1898395,1206933,691462,1763175,1148937,614238,135220,57996,77224,2419361,1020919,1398442
27,527,Satara,Total,DISTRICT,653735,3003741,1510842,1492899,317885,167729,150156,323236,161703,161533,29635,15210,14425,2225694,1201034,1024660,1354947,844805,510142,1184407,780808,403599,170540,63997,106543,1648794,666037,982757
27,528,Ratnagiri,Total,DISTRICT,397115,1615069,761121,853948,155560,80333,75227,66948,31967,34981,20374,10402,9972,1199392,619012,580380,714076,407008,307068,554973,344089,210884,159103,62919,96184,900993,354113,546880
27,529,Sindhudurg,Total,DISTRICT,209839,849651,417332,432319,71193,37034,34159,55586,26830,28756,6976,3575,3401,666067,348289,317778,347178,229676,117502,226538,164740,61798,120640,64936,55704,502473,187656,314817
27,530,Kolhapur,Total,DISTRICT,840240,3876001,1980658,1895343,408942,219521,189421,504461,253390,251071,30206,15478,14728,2825845,1559760,1266085,1704054,1125204,578850,1508563,1050072,458491,195491,75132,120359,2171947,855454,1316493
27,531,Sangli,Total,DISTRICT,598386,2822143,1435728,1386415,306777,164355,142422,353093,177108,175985,18333,9406,8927,2049467,1121550,927917,1215104,800214,414890,1074948,749251,325697,140156,50963,89193,1607039,635514,971525
28,532,Adilabad,Total,DISTRICT,649849,2741239,1369597,1371642,309992,160291,149701,488596,242844,245752,495794,247472,248322,1483347,856350,626997,1323667,748939,574728,1066460,639313,427147,257207,109626,147581,1417572,620658,796914
28,533,Nizamabad,Total,DISTRICT,593234,2551335,1250641,1300694,282417,144977,137440,371074,178798,192276,192941,95679,97262,1389810,790214,599596,1261076,684320,576756,1055965,590356,465609,205111,93964,111147,1290259,566321,723938
28,534,Karimnagar,Total,DISTRICT,976022,3776269,1880800,1895469,336053,173647,162406,709757,352481,357276,106745,53495,53250,2206829,1257238,949591,1876768,1049463,827305,1590304,935666,654638,286464,113797,172667,1899501,831337,1068164
28,535,Medak,Total,DISTRICT,668626,3033288,1523030,1510258,367603,188312,179291,537947,266413,271534,168985,86574,82411,1637137,953406,683731,1442203,837874,604329,1195494,728047,467447,246709,109827,136882,1591085,685156,905929
28,536,Hyderabad,Total,DISTRICT,849051,3943323,2018575,1924748,469126,245127,223999,247927,124313,123614,48937,25556,23381,2892155,1542688,1349467,1413297,1045585,367712,1096081,861130,234951,317216,184455,132761,2530026,972990,1557036
28,537,Rangareddy,Total,DISTRICT,1235341,5296741,2701008,2595733,633172,327563,305609,652042,328011,324031,218757,112768,105989,3538028,1948784,1589244,2196078,1488916,707162,1834777,1308974,525803,361301,179942,181359,3100663,1212092,1888571
28,538,Mahbubnagar,Total,DISTRICT,869451,4053028,2050386,2002642,527230,273914,253316,708954,356099,352855,364269,187035,177234,1940646,1158386,782260,2082501,1140067,942434,1815643,1030499,785144,266858,109568,157290,1970527,910319,1060208
28,539,Nalgonda,Total,DISTRICT,875939,3488809,1759772,1729037,371735,193266,178469,637385,318359,319026,394279,203876,190403,2001019,1160757,840262,1741693,976428,765265,1493419,888549,604870,248274,87879,160395,1747116,783344,963772
28,540,Warangal,Total,DISTRICT,886279,3512576,1759281,1753295,341168,177444,163724,616102,307709,308393,530656,268976,261680,2065023,1179790,885233,1705655,960926,744729,1442197,865804,576393,263458,95122,168336,1806921,798355,1008566
28,541,Khammam,Total,DISTRICT,754034,2797370,1390988,1406382,281922,143956,137966,462896,229905,232991,765565,378532,387033,1630234,901640,728594,1410062,802906,607156,1215871,722620,493251,194191,80286,113905,1387308,588082,799226
28,542,Srikakulam,Total,DISTRICT,681330,2703114,1341738,1361376,281037,143835,137202,255664,125214,130450,166118,81382,84736,1495381,857824,637557,1290288,766483,523805,936244,619916,316328,354044,146567,207477,1412826,575255,837571
28,543,Vizianagaram,Total,DISTRICT,587149,2344474,1161477,1182997,241657,123300,118357,247728,121493,126235,235556,114687,120869,1238388,707503,530885,1157962,679289,478673,953215,602511,350704,204747,76778,127969,1186512,482188,704324
28,544,Visakhapatnam,Total,DISTRICT,1097042,4290589,2138910,2151679,452213,230630,221583,329486,162873,166613,618500,302905,315595,2568249,1422878,1145371,1889879,1239064,650815,1481139,1049748,431391,408740,189316,219424,2400710,899846,1500864
28,545,East Godavari,Total,DISTRICT,1428528,5154296,2569688,2584608,522054,265244,256810,945269,468883,476386,213195,104422,108773,3288577,1716933,1571644,2093681,1545831,547850,1748117,1377605,370512,345564,168226,177338,3060615,1023857,2036758
28,546,West Godavari,Total,DISTRICT,1091525,3936966,1964918,1972048,382887,194960,187927,811698,403693,408005,109072,53367,55705,2652389,1379223,1273166,1773112,1199338,573774,1534166,1100258,433908,238946,99080,139866,2163854,765580,1398274
28,547,Krishna,Total,DISTRICT,1243293,4517398,2267375,2250023,435884,225220,210664,871063,435412,435651,132464,66734,65730,3009718,1598959,1410759,2048880,1327299,721581,1744978,1193430,551548,303902,133869,170033,2468518,940076,1528442
28,548,Guntur,Total,DISTRICT,1296609,4887813,2440521,2447292,495729,254833,240896,957407,476333,481074,247089,125105,121984,2960441,1634726,1325715,2381624,1442370,939254,2106326,1334831,771495,275298,107539,167759,2506189,998151,1508038
28,549,Prakasam,Total,DISTRICT,860463,3397448,1714764,1682684,378261,195753,182508,787861,397242,390619,151145,76677,74468,1904435,1107686,796749,1700567,991842,708725,1463508,908090,555418,237059,83752,153307,1696881,722922,973959
28,550,Sri Potti Sriramulu Nellore,Total,DISTRICT,776854,2963557,1492974,1470583,304309,156907,147402,666588,332673,333915,285997,145168,140829,1832189,1011922,820267,1314561,859880,454681,1076544,761278,315266,238017,98602,139415,1648996,633094,1015902
28,551,Y.S.R.,Total,DISTRICT,706204,2882469,1451777,1430692,331586,172902,158684,465794,232123,233671,75886,38571,37315,1716766,994699,722067,1320404,823886,496518,1079903,734544,345359,240501,89342,151159,1562065,627891,934174
28,552,Kurnool,Total,DISTRICT,887652,4053463,2039227,2014236,506239,261217,245022,737945,370215,367730,82831,42052,40779,2127161,1246369,880792,2029425,1164122,865303,1757520,1054167,703353,271905,109955,161950,2024038,875105,1148933
28,553,Anantapur,Total,DISTRICT,968160,4081148,2064495,2016653,445956,231369,214587,583135,292379,290756,154127,78573,75554,2310960,1338474,972486,2036166,1208544,827622,1679655,1065582,614073,356511,142962,213549,2044982,855951,1189031
28,554,Chittoor,Total,DISTRICT,1039953,4174064,2090204,2083860,444572,230283,214289,785760,389582,396178,159165,79756,79409,2667878,1484794,1183084,1933357,1202223,731134,1669852,1087163,582689,263505,115060,148445,2240707,887981,1352726
29,555,Belgaum,Total,DISTRICT,983854,4779661,2423063,2356598,626269,323761,302508,577418,289096,288322,297198,148673,148525,3052032,1725548,1326484,2105668,1372422,733246,1734501,1238010,496491,371167,134412,236755,2673993,1050641,1623352
29,556,Bagalkot ,Total,DISTRICT,361149,1889752,950111,939641,271908,140551,131357,319149,158135,161014,97203,48470,48733,1113412,641388,472024,818081,511575,306506,676407,455410,220997,141674,56165,85509,1071671,438536,633135
29,557,Bijapur,Total,DISTRICT,408806,2177331,1111022,1066309,318406,164856,153550,442773,226440,216333,39314,19912,19402,1248268,730566,517702,927722,580111,347611,760083,508406,251677,167639,71705,95934,1249609,530911,718698
29,558,Bidar,Total,DISTRICT,319937,1703300,870665,832635,224442,115550,108892,399785,204280,195505,235822,119787,116035,1042673,597198,445475,702608,459050,243558,551763,384430,167333,150845,74620,76225,1000692,411615,589077
29,559,Raichur,Total,DISTRICT,363853,1928812,964511,964301,283733,145468,138265,400933,200359,200574,367071,182101,184970,979769,577213,402556,903413,530373,373040,725985,461421,264564,177428,68952,108476,1025399,434138,591261
29,560,Koppal,Total,DISTRICT,264595,1389920,699926,689994,201654,103016,98638,258608,129341,129267,164271,82761,81510,809085,468785,340300,654766,387974,266792,508089,329092,178997,146677,58882,87795,735154,311952,423202
29,561,Gadag,Total,DISTRICT,219096,1064570,537147,527423,132442,68025,64417,174196,87745,86451,61654,30975,30679,700177,397178,302999,495722,310412,185310,423451,282087,141364,72271,28325,43946,568848,226735,342113
29,562,Dharwad,Total,DISTRICT,382700,1847023,937206,909817,219942,113127,106815,177855,89137,88718,87548,44173,43375,1301664,711776,589888,784833,543776,241057,690948,500900,190048,93885,42876,51009,1062190,393430,668760
29,563,Uttara Kannada,Total,DISTRICT,324530,1437169,726256,710913,150115,76794,73321,116431,57841,58590,34239,17095,17144,1081906,582099,499807,608526,430565,177961,498304,380745,117559,110222,49820,60402,828643,295691,532952
29,564,Haveri,Total,DISTRICT,330414,1597668,819128,778540,195317,100369,94948,219976,112212,107764,141380,72109,69271,1085443,603793,481650,730066,490731,239335,601951,438760,163191,128115,51971,76144,867602,328397,539205
29,565,Bellary,Total,DISTRICT,489118,2452595,1236954,1215641,344152,175543,168609,517409,258582,258827,451406,225451,225955,1421621,813440,608181,1116880,703258,413622,969388,641681,327707,147492,61577,85915,1335715,533696,802019
29,566,Chitradurga,Total,DISTRICT,357003,1659456,840843,818613,184280,94629,89651,389117,196819,192298,302554,152939,149615,1087392,607188,480204,856587,513311,343276,667479,444024,223455,189108,69287,119821,802869,327532,475337
29,567,Davanagere,Total,DISTRICT,410176,1945497,986400,959097,217731,111793,105938,392595,198299,194296,233112,117808,115304,1308540,720637,587903,875207,585639,289568,705099,504373,200726,170108,81266,88842,1070290,400761,669529
29,568,Shimoga,Total,DISTRICT,406816,1752753,877415,875338,182751,93221,89530,308158,153546,154612,65412,32707,32705,1263016,674938,588078,780598,534487,246111,652789,480996,171793,127809,53491,74318,972155,342928,629227
29,569,Udupi,Total,DISTRICT,253078,1177361,562131,615230,103160,52689,50471,75429,36988,38441,52897,26228,26669,926429,465704,460725,513241,335399,177842,459446,309998,149448,53795,25401,28394,664120,226732,437388
29,570,Chikmagalur,Total,DISTRICT,276085,1137961,566622,571339,105328,53493,51835,253651,125016,128635,44970,21990,22980,818345,438257,380088,565774,357889,207885,480229,326255,153974,85545,31634,53911,572187,208733,363454
29,571,Tumkur,Total,DISTRICT,640081,2678980,1350594,1328386,265742,135671,130071,506901,254535,252366,209559,105265,104294,1813391,1006024,807367,1354646,837512,517134,1078431,738124,340307,276215,99388,176827,1324334,513082,811252
29,572,Bangalore,Total,DISTRICT,2393845,9621551,5022661,4598890,1052837,541656,511181,1198385,607725,590660,190239,99164,91075,7512276,4078041,3434235,4246927,3115361,1131566,3858342,2893953,964389,388585,221408,167177,5374624,1907300,3467324
29,573,Mandya,Total,DISTRICT,428625,1805769,905085,900684,172685,89063,83622,265294,131675,133619,22402,11310,11092,1149649,638668,510981,871408,575203,296205,714901,514148,200753,156507,61055,95452,934361,329882,604479
29,574,Hassan,Total,DISTRICT,433453,1776421,883667,892754,165637,83971,81666,345031,169961,175070,32329,15986,16343,1225256,668836,556420,903580,560452,343128,752387,512731,239656,151193,47721,103472,872841,323215,549626
29,575,Dakshina Kannada,Total,DISTRICT,439733,2089649,1034714,1054935,208297,106985,101312,148178,73324,74854,82268,40961,41307,1666323,864019,802304,997721,620903,376818,914476,582498,331978,83245,38405,44840,1091928,413811,678117
29,576,Kodagu,Total,DISTRICT,142716,554519,274608,279911,54733,27676,27057,73584,35759,37825,58054,28510,29544,412877,215302,197575,278938,172100,106838,258753,162419,96334,20185,9681,10504,275581,102508,173073
29,577,Mysore,Total,DISTRICT,700968,3001127,1511600,1489527,305561,155807,149754,536643,269331,267312,334547,166697,167850,1962180,1063766,898414,1314268,921803,392465,1082108,807031,275077,232160,114772,117388,1686859,589797,1097062
29,578,Chamarajanagar,Total,DISTRICT,244874,1020791,512231,508560,100648,51529,49119,259445,130894,128551,120219,59369,60850,565279,312957,252322,481693,324326,157367,381408,272121,109287,100285,52205,48080,539098,187905,351193
29,579,Gulbarga,Total,DISTRICT,471601,2566326,1301755,1264571,365372,188076,177296,648782,330091,318691,65259,32830,32429,1427368,828359,599009,1087028,680001,407027,844237,573207,271030,242791,106794,135997,1479298,621754,857544
29,580,Yadgir,Total,DISTRICT,202063,1174271,590329,583942,190279,97522,92757,273315,137204,136111,146849,73564,73285,510003,306751,203252,547696,317135,230561,437241,276472,160769,110455,40663,69792,626575,273194,353381
29,581,Kolar,Total,DISTRICT,333348,1536401,776396,760005,170423,86845,83578,465867,232546,233321,78875,39997,38878,1016219,564110,452109,717872,454048,263824,584590,394176,190414,133282,59872,73410,818529,322348,496181
29,582,Chikkaballapura,Total,DISTRICT,284698,1255104,636437,618667,132286,67734,64552,312565,157628,154937,156487,79156,77331,783222,442158,341064,639778,384452,255326,535565,341335,194230,104213,43117,61096,615326,251985,363341
29,583,Bangalore Rural,Total,DISTRICT,229279,990923,509172,481751,107062,54908,52154,213700,107424,106276,52903,27147,25756,688749,385311,303438,459891,315499,144392,389989,282416,107573,69902,33083,36819,531032,193673,337359
29,584,Ramanagara,Total,DISTRICT,260533,1082636,548008,534628,107841,54963,52878,203819,102612,101207,22946,11619,11327,674758,378461,296297,531459,344349,187110,458841,312618,146223,72618,31731,40887,551177,203659,347518
30,585,North Goa,Total,DISTRICT,191766,818008,416677,401331,77705,40081,37624,17606,8712,8894,56606,27824,28782,663060,351738,311322,327658,239125,88533,269437,202090,67347,58221,37035,21186,490350,177552,312798
30,586,South Goa,Total,DISTRICT,151845,640537,322463,318074,66906,34379,32527,7843,3915,3928,92669,45124,47545,502427,264085,238342,249590,180411,69179,206616,154877,51739,42974,25534,17440,390947,142052,248895
31,587,Lakshadweep,Total,DISTRICT,11574,64473,33123,31350,7255,3797,3458,0,0,0,61120,30515,30605,52553,28023,24530,18753,15318,3435,10804,9137,1667,7949,6181,1768,45720,17805,27915
32,588,Kasaragod,Total,DISTRICT,273410,1307375,628613,678762,155807,79460,76347,53283,26385,26898,48857,23950,24907,1037492,516476,521016,462998,325095,137903,372700,275680,97020,90298,49415,40883,844377,303518,540859
32,589,Kannur,Total,DISTRICT,554298,2523003,1181446,1341557,274318,139159,135159,83350,40260,43090,41371,20141,21230,2138434,1012956,1125478,824116,609377,214739,694209,539695,154514,129907,69682,60225,1698887,572069,1126818
32,590,Wayanad,Total,DISTRICT,190894,817420,401684,415736,92324,46994,45330,32578,16406,16172,151443,74476,76967,645585,328136,317449,340077,228639,111438,263445,191411,72034,76632,37228,39404,477343,173045,304298
32,591,Kozhikode,Total,DISTRICT,697710,3086293,1470942,1615351,335645,170429,165216,199191,97279,101912,15228,7429,7799,2615443,1266939,1348504,948981,752333,196648,754187,637099,117088,194794,115234,79560,2137312,718609,1418703
32,592,Malappuram,Total,DISTRICT,793999,4112920,1960328,2152592,574041,292132,281909,308266,151557,156709,22990,11272,11718,3311315,1597404,1713911,1062424,898157,164267,852047,748431,103616,210377,149726,60651,3050496,1062171,1988325
32,593,Palakkad,Total,DISTRICT,637220,2809934,1359478,1450456,302297,153696,148601,403833,197451,206382,48972,24314,24658,2239492,1122600,1116892,1042340,746121,296219,875540,653482,222058,166800,92639,74161,1767594,613357,1154237
32,594,Thrissur,Total,DISTRICT,759210,3121200,1480763,1640437,303950,155862,148088,324350,156480,167870,9430,4362,5068,2678548,1282261,1396287,1095727,789511,306216,929506,706277,223229,166221,83234,82987,2025473,691252,1334221
32,595,Ernakulam,Total,DISTRICT,814011,3282388,1619557,1662831,304242,155182,149060,268411,131573,136838,16559,8349,8210,2855676,1425723,1429953,1249343,913249,336094,1061388,812754,248634,187955,100495,87460,2033045,706308,1326737
32,596,Idukki ,Total,DISTRICT,279812,1108974,552808,556166,105641,53785,51856,145486,72399,73087,55815,27995,27820,923010,471881,451129,516363,331710,184653,415947,287566,128381,100416,44144,56272,592611,221098,371513
32,597,Kottayam,Total,DISTRICT,487296,1974551,968289,1006262,174486,88823,85663,153909,75503,78406,21972,10974,10998,1749798,861592,888206,735735,530322,205413,604553,463713,140840,131182,66609,64573,1238816,437967,800849
32,598,Alappuzha,Total,DISTRICT,535958,2127789,1013142,1114647,192046,98444,93602,201211,97183,104028,6574,3175,3399,1852797,890552,962245,804471,536738,267733,596387,434391,161996,208084,102347,105737,1323318,476404,846914
32,599,Pathanamthitta,Total,DISTRICT,322684,1197412,561716,635696,96837,49002,47835,164465,78942,85523,8108,3947,4161,1062553,499181,563372,392794,281854,110940,293257,223642,69615,99537,58212,41325,804618,279862,524756
32,600,Kollam,Total,DISTRICT,669375,2635375,1246968,1388407,254260,128899,125361,328263,157801,170462,10761,5195,5566,2240273,1074345,1165928,912025,644362,267663,695299,509909,185390,216726,134453,82273,1723350,602606,1120744
32,601,Thiruvananthapuram,Total,DISTRICT,837877,3301427,1581678,1719749,307061,156377,150684,372977,178589,194388,26759,12624,14135,2785408,1354857,1430551,1231669,864101,367568,921282,695778,225504,310387,168323,142064,2069758,717577,1352181
33,602,Thiruvallur,Total,DISTRICT,946949,3728104,1876062,1852042,405669,208449,197220,821646,410526,411120,47243,23692,23551,2791721,1495711,1296010,1538054,1103563,434491,1247918,945278,302640,290136,158285,131851,2190050,772499,1417551
33,603,Chennai,Total,DISTRICT,1154982,4646732,2335844,2310888,459324,235519,223805,779667,389001,390666,10061,5207,4854,3776276,1968079,1808197,1817297,1369302,447995,1619554,1256644,362910,197743,112658,85085,2829435,966542,1862893
33,604,Kancheepuram,Total,DISTRICT,1006245,3998252,2012958,1985294,431574,220341,211233,948081,474264,473817,41210,20605,20605,3013382,1611461,1401921,1673814,1181308,492506,1367378,1017443,349935,306436,163865,142571,2324438,831650,1492788
33,605,Vellore,Total,DISTRICT,929281,3936331,1961688,1974643,432550,222460,210090,860212,424668,435544,72955,36663,36292,2773928,1504355,1269573,1689330,1123874,565456,1360185,959108,401077,329145,164766,164379,2247001,837814,1409187
33,606,Tiruvannamalai,Total,DISTRICT,588836,2464875,1235889,1228986,272569,141205,131364,565329,282615,282714,90954,45956,44998,1626813,909803,717010,1238177,738995,499182,970072,619210,350862,268105,119785,148320,1226698,496894,729804
33,607,Viluppuram,Total,DISTRICT,800368,3458873,1740819,1718054,404106,208246,195860,1015716,510869,504847,74859,37570,37289,2195776,1234479,961297,1703249,1017383,685866,1260802,806396,454406,442447,210987,231460,1755624,723436,1032188
33,608,Salem,Total,DISTRICT,915967,3482056,1781571,1700485,344960,180002,164958,580512,294062,286450,119369,60489,58880,2285562,1285107,1000455,1694160,1083797,610363,1561030,1022417,538613,133130,61380,71750,1787896,697774,1090122
33,609,Namakkal   ,Total,DISTRICT,475511,1726601,869280,857321,150699,78754,71945,345392,173973,171419,57059,29383,27676,1176131,653312,522819,898245,531463,366782,839152,505257,333895,59093,26206,32887,828356,337817,490539
33,610,Erode,Total,DISTRICT,658071,2251744,1129868,1121876,195213,99943,95270,369483,184408,185075,21880,11024,10856,1492662,828300,664362,1195773,732083,463690,1111051,693728,417323,84722,38355,46367,1055971,397785,658186
33,611,The Nilgiris,Total,DISTRICT,197653,735394,360143,375251,66799,33648,33151,235878,115917,119961,32813,16091,16722,569647,299447,270200,349974,212172,137802,318924,195322,123602,31050,16850,14200,385420,147971,237449
33,612,Dindigul,Total,DISTRICT,560773,2159775,1080938,1078837,216576,111955,104621,452376,225573,226803,8064,4095,3969,1481834,816180,665654,1105155,665469,439686,963017,599831,363186,142138,65638,76500,1054620,415469,639151
33,613,Karur ,Total,DISTRICT,287095,1064493,528184,536309,102731,52969,49762,221385,108809,112576,575,297,278,727044,401726,325318,543298,329034,214264,508507,313811,194696,34791,15223,19568,521195,199150,322045
33,614,Tiruchirappalli,Total,DISTRICT,698404,2722290,1352284,1370006,272456,139946,132510,466561,230790,235771,18198,9414,8784,2038981,1087765,951216,1213979,789206,424773,1082329,724111,358218,131650,65095,66555,1508311,563078,945233
33,615,Perambalur  ,Total,DISTRICT,149243,565223,282157,283066,59567,31135,28432,175289,87444,87845,2584,1292,1292,375823,208011,167812,299726,162639,137087,255097,142768,112329,44629,19871,24758,265497,119518,145979
33,616,Ariyalur  ,Total,DISTRICT,197090,754894,374703,380191,81187,42808,38379,176230,88076,88154,10722,5274,5448,480604,269582,211022,359851,212547,147304,272241,173193,99048,87610,39354,48256,395043,162156,232887
33,617,Cuddalore,Total,DISTRICT,635578,2605914,1311697,1294217,279950,147644,132306,763944,383943,380001,15702,7943,7759,1815281,1000322,814959,1169880,749633,420247,837271,586068,251203,332609,163565,169044,1436034,562064,873970
33,618,Nagapattinam  ,Total,DISTRICT,413837,1616450,798127,818323,165245,84335,80910,509767,252332,257435,3756,1847,1909,1213008,640916,572092,671994,461174,210820,486328,357531,128797,185666,103643,82023,944456,336953,607503
33,619,Thiruvarur,Total,DISTRICT,327219,1264277,626693,637584,121973,62280,59693,430927,214717,216210,3034,1466,1568,946471,503085,443386,540168,369853,170315,412425,301528,110897,127743,68325,59418,724109,256840,467269
33,620,Thanjavur,Total,DISTRICT,605363,2405890,1182416,1223474,238598,121949,116649,455062,225859,229203,3561,1739,1822,1790998,944264,846734,974079,680483,293596,834484,604754,229730,139595,75729,63866,1431811,501933,929878
33,621,Pudukkottai,Total,DISTRICT,387679,1618345,803188,815157,179688,91696,87992,284804,141428,143376,1283,647,636,1110545,608776,501769,761693,471099,290594,640248,416281,223967,121445,54818,66627,856652,332089,524563
33,622,Sivaganga,Total,DISTRICT,338938,1339101,668672,670429,137235,70022,67213,227746,113599,114147,790,394,396,959744,526304,433440,620171,391305,228866,461102,312099,149003,159069,79206,79863,718930,277367,441563
33,623,Madurai,Total,DISTRICT,794887,3038252,1526475,1511777,313978,162517,151461,408976,205098,203878,11096,5622,5474,2273430,1223810,1049620,1354632,902704,451928,1173902,814086,359816,180730,88618,92112,1683620,623771,1059849
33,624,Theni  ,Total,DISTRICT,338112,1245899,625683,620216,119661,61873,57788,258200,129900,128300,1835,954,881,870080,479403,390677,591642,368900,222742,530591,338041,192550,61051,30859,30192,654257,256783,397474
33,625,Virudhunagar,Total,DISTRICT,537748,1942288,967709,974579,197134,100827,96307,399831,198704,201127,2294,1182,1112,1398788,760375,638413,950158,579111,371047,854066,535451,318615,96092,43660,52432,992130,388598,603532
33,626,Ramanathapuram,Total,DISTRICT,323905,1353445,682658,670787,140644,71705,68939,249008,125015,123993,1105,559,546,978946,536487,442459,602977,392751,210226,486150,333342,152808,116827,59409,57418,750468,289907,460561
33,627,Thoothukkudi,Total,DISTRICT,462010,1750176,865021,885155,183763,93605,90158,347895,172663,175232,4911,2466,2445,1349697,703106,646591,748095,503727,244368,657447,459993,197454,90648,43734,46914,1002081,361294,640787
33,628,Tirunelveli ,Total,DISTRICT,815528,3077233,1520912,1556321,321687,164157,157530,569714,279570,290144,10270,5109,5161,2273457,1210710,1062747,1436454,876175,560279,1271407,791067,480340,165047,85108,79939,1640779,644737,996042
33,629,Kanniyakumari,Total,DISTRICT,483539,1870374,926345,944029,182350,92835,89515,74249,36817,37432,7282,3554,3728,1548738,780541,768197,679620,524629,154991,552658,446895,105763,126962,77734,49228,1190754,401716,789038
33,630,Dharmapuri,Total,DISTRICT,375873,1506843,774303,732540,167940,87777,80163,245392,124706,120686,63044,32130,30914,917709,527599,390110,751170,446057,305113,652996,400551,252445,98174,45506,52668,755673,328246,427427
33,631,Krishnagiri,Total,DISTRICT,448053,1879809,960232,919577,217323,112832,104491,267386,135474,131912,22388,11419,10969,1187958,667062,520896,877779,561634,316145,742001,494409,247592,135778,67225,68553,1002030,398598,603432
33,632,Coimbatore,Total,DISTRICT,958035,3458045,1729297,1728748,319332,163230,156102,535911,266960,268951,28342,14245,14097,2635907,1394790,1241117,1567950,1083125,484825,1443252,1022328,420924,124698,60797,63901,1890095,646172,1243923
33,633,Tiruppur,Total,DISTRICT,712210,2479052,1246159,1232893,241351,123612,117739,395876,196907,198969,5458,2740,2718,1760566,959623,800943,1266137,819783,446354,1168596,772253,396343,97541,47530,50011,1212915,426376,786539
34,634,Yanam,Total,DISTRICT,13812,55626,27301,28325,6204,3230,2974,8427,4100,4327,0,0,0,39274,19919,19355,16760,14047,2713,15373,13233,2140,1387,814,573,38866,13254,25612
34,635,Puducherry,Total,DISTRICT,231513,950289,468258,482031,99838,50688,49150,152406,74129,78277,0,0,0,726649,380946,345703,348105,256652,91453,315570,237953,77617,32535,18699,13836,602184,211606,390578
34,636,Mahe,Total,DISTRICT,7420,41816,19143,22673,4553,2302,2251,144,77,67,0,0,0,36470,16610,19860,11802,9093,2709,10404,8295,2109,1398,798,600,30014,10050,19964
34,637,Karaikal,Total,DISTRICT,49705,200222,97809,102413,22263,11307,10956,35348,17206,18142,0,0,0,154916,79903,75013,68301,53139,15162,58342,46928,11414,9959,6211,3748,131921,44670,87251
35,638,Nicobars,Total,DISTRICT,9288,36842,20727,16115,4389,2256,2133,0,0,0,23681,12198,11483,25332,15397,9935,17125,12714,4411,9651,7948,1703,7474,4766,2708,19717,8013,11704
35,639,North  & Middle Andaman,Total,DISTRICT,26199,105597,54861,50736,11828,5991,5837,0,0,0,758,415,343,78683,43186,35497,38579,30612,7967,31038,25899,5139,7541,4713,2828,67018,24249,42769
35,640,South Andaman,Total,DISTRICT,59064,238142,127283,110859,24661,12523,12138,0,0,0,4091,2118,1973,190266,105794,84472,96831,77563,19268,85221,69772,15449,11610,7791,3819,141311,49720,91591
